Year,Month,Day,Precipitation (mm),Temp (Max),Temp (Min),Humidity
1995,1,1,14.1,26.6,17,91
1995,1,2,20.5,26.5,19.1,88
1995,1,3,10.7,23.7,18.4,90
1995,1,4,1.9,24.6,18.4,90
1995,1,5,9,21.5,18.6,95
1995,1,6,10.4,25.9,16.4,81
1995,1,7,0.8,28.1,18.6,84
1995,1,8,1,29.2,15,66
1995,1,9,0,28.7,16.1,65
1995,1,10,0,28.4,15.8,64
1995,1,11,0,27.4,16.8,71
1995,1,12,0.5,28.2,16.4,74
1995,1,13,0,28,16,57
1995,1,14,0,29.9,14,49
1995,1,15,0,28.2,16.4,62
1995,1,16,0,30.1,16.9,60
1995,1,17,0,31.4,19.5,65
1995,1,18,0,31.6,17.5,68
1995,1,19,0,27.8,15.8,75
1995,1,20,4,28.3,14.9,92
1995,1,21,0.5,29.2,15,87
1995,1,22,10.6,29.2,11.2,72
1995,1,23,12.1,28.1,16.7,81
1995,1,24,7.2,29.3,16.7,84
1995,1,25,6.7,27.9,17.6,89
1995,1,26,0,28.4,17.6,89
1995,1,27,47.9,24.9,16.9,93
1995,1,28,2.8,27.9,12.2,74
1995,1,29,0,27.9,12.7,84
1995,1,30,3.7,24.7,16.9,90
1995,1,31,16.6,24.3,18.4,95
1995,2,1,18.7,25.1,17.6,86
1995,2,2,0.1,25.6,19,90
1995,2,3,37.7,24.9,18.4,95
1995,2,4,2.8,26.6,17.7,88
1995,2,5,1.2,26.2,14.3,86
1995,2,6,0,27.2,18.4,78
1995,2,7,0,29.1,19.4,76
1995,2,8,0,26.1,19.1,94
1995,2,9,8.7,26.3,17.4,84
1995,2,10,0.2,23.5,18.9,92
1995,2,11,6.4,26.2,13,80
1995,2,12,24.4,27.1,17,91
1995,2,13,7.1,28.3,19.1,83
1995,2,14,7.4,27.6,19.5,83
1995,2,15,15.6,28.3,17.3,80
1995,2,16,4.5,28,17.3,82
1995,2,17,2.9,27.7,17.7,75
1995,2,18,1.4,26.2,17.6,95
1995,2,19,44.4,28.7,15.9,79
1995,2,20,0.8,24.8,16.3,92
1995,2,21,40.2,27.8,13.9,79
1995,2,22,0,28.3,16.2,65
1995,2,23,0,28.9,15.8,67
1995,2,24,0,28.1,14.9,68
1995,2,25,0,29.6,11.2,60
1995,2,26,0,29.4,16.6,61
1995,2,27,0,29.3,9.9,66
1995,2,28,0,28.1,14.1,74
1995,3,1,2.4,28.1,11.6,72
1995,3,2,0,28.7,15.8,59
1995,3,3,0,29.9,15.1,55
1995,3,4,0,29.9,15.2,53
1995,3,5,0,30.7,15,51
1995,3,6,0,28.5,18.4,77
1995,3,7,11.6,28.8,15.8,76
1995,3,8,1,27.4,16,82
1995,3,9,4.6,28.5,16.8,69
1995,3,10,0,28.9,15.1,56
1995,3,11,0,28.9,12.6,59
1995,3,12,0,28.7,16.6,55
1995,3,13,0,30.6,13.8,61
1995,3,14,22.8,27,16.8,79
1995,3,15,0,25.3,18.7,89
1995,3,16,10.4,28.3,17.4,77
1995,3,17,0,29.5,16.8,75
1995,3,18,16.4,29.1,19.2,81
1995,3,19,36.2,25.3,13.2,88
1995,3,20,46.6,28,15.7,72
1995,3,21,0,29.2,17.1,78
1995,3,22,11.7,27,17.2,79
1995,3,23,20.4,26.9,16.8,81
1995,3,24,0,24.5,17.3,88
1995,3,25,0,28.3,18.4,77
1995,3,26,71.9,27.3,18.7,86
1995,3,27,33.9,26.7,16.6,81
1995,3,28,14.7,27.5,18.3,83
1995,3,29,12.6,27.7,18.7,84
1995,3,30,0,26.7,16.8,86
1995,3,31,0,26.4,17,84
1995,4,1,25,27.5,17.2,79
1995,4,2,0,29.1,17,73
1995,4,3,1.3,26.1,18.3,84
1995,4,4,0,26.8,17.5,81
1995,4,5,0,23.7,18.9,86
1995,4,6,0.6,24.4,17.6,86
1995,4,7,0.6,24.9,17.6,88
1995,4,8,25.3,25.2,15.7,85
1995,4,9,0.2,26,17.4,84
1995,4,10,0.6,25.9,16.8,77
1995,4,11,0,28,15,76
1995,4,12,0.8,26.7,15.2,83
1995,4,13,0,25.8,17,88
1995,4,14,0,26.9,15,80
1995,4,15,0,27,16,79
1995,4,16,0,26.7,16,73
1995,4,17,0,27.9,16.1,64
1995,4,18,0,28.6,15.1,67
1995,4,19,0,27.5,17,75
1995,4,20,2.5,27.7,18.9,86
1995,4,21,9.1,25.4,17.2,88
1995,4,22,78.4,28.3,18.4,83
1995,4,23,33.5,25.3,17.2,83
1995,4,24,0,28,16.2,81
1995,4,25,34.8,27.8,17.4,81
1995,4,26,4.4,27.2,17.5,75
1995,4,27,0,27.4,16.1,72
1995,4,28,0,26.1,15,65
1995,4,29,0,26.7,14.6,70
1995,4,30,0,26.3,14.6,75
1995,5,1,0,25.7,14.4,79
1995,5,2,0,27,15,83
1995,5,3,9,28.2,16,73
1995,5,4,0,28.3,14.6,76
1995,5,5,0,25,16.2,85
1995,5,6,0,23.4,14.8,84
1995,5,7,3.1,25.5,18.4,92
1995,5,8,0,25.3,15.5,87
1995,5,9,0,26.9,17.2,82
1995,5,10,0,27.9,18.7,80
1995,5,11,17.5,27,18.6,87
1995,5,12,0,25.8,17.1,91
1995,5,13,2.8,26,16.8,92
1995,5,14,0,26.1,16.7,79
1995,5,15,0,26,16.6,82
1995,5,16,0,26.3,16.3,78
1995,5,17,0,27.4,16.1,72
1995,5,18,0,27.6,14.1,72
1995,5,19,0,26.7,17,71
1995,5,20,0,27.3,12.2,71
1995,5,21,0,25.7,12.2,73
1995,5,22,0,26.9,11.4,69
1995,5,23,0,26.9,13.7,77
1995,5,24,0,26.3,13.4,74
1995,5,25,0,25.3,12.7,72
1995,5,26,0,25.9,14,68
1995,5,27,0,25.1,14.6,72
1995,5,28,0,24.2,15.8,73
1995,5,29,0,25.4,12,67
1995,5,30,0,25.3,10.6,67
1995,5,31,0,26.3,10.6,63
1995,6,1,0,26.5,13,56
1995,6,2,0,25.7,11.6,64
1995,6,3,0,24.9,11,57
1995,6,4,0,25.1,12.9,65
1995,6,5,0,24.3,10.3,68
1995,6,6,0,24.3,9.3,61
1995,6,7,0,25.3,8.4,50
1995,6,8,0,24.8,7,46
1995,6,9,0,25.6,8.3,56
1995,6,10,0,25.5,8,53
1995,6,11,0,25,9.3,59
1995,6,12,0,24.2,13.1,63
1995,6,13,0,25,11,62
1995,6,14,0,25.7,10.4,58
1995,6,15,0,25.6,12.6,56
1995,6,16,0,26.5,8.9,59
1995,6,17,0,27,10.6,71
1995,6,18,0,27.9,11.4,67
1995,6,19,0,25.1,15.3,76
1995,6,20,0,25.5,13,68
1995,6,21,0,24.5,12.2,76
1995,6,22,0,24.4,13,67
1995,6,23,0,25.3,11.2,65
1995,6,24,0,25.9,12.2,63
1995,6,25,0,26.9,11.6,71
1995,6,26,0,26.7,11.8,62
1995,6,27,0,26.9,14,67
1995,6,28,0,25.4,14.2,66
1995,6,29,0,25.4,13.1,66
1995,6,30,0,24.9,12.4,71
1995,7,1,0,24.8,12.8,71
1995,7,2,0,25.7,13,68
1995,7,3,0,26.5,12.1,62
1995,7,4,0,25.3,13.8,53
1995,7,5,0,25.4,14.1,68
1995,7,6,0,26.2,12.7,61
1995,7,7,0,27.4,11.8,62
1995,7,8,0,27.7,10.2,48
1995,7,9,0,27.8,10.9,48
1995,7,10,0,29.3,10.5,40
1995,7,11,0,27.5,12.2,51
1995,7,12,0,26,14,61
1995,7,13,0,24.8,14.4,63
1995,7,14,0,25.6,14,62
1995,7,15,0,25.3,14.4,69
1995,7,16,0,25.3,13.8,69
1995,7,17,0,24.7,11.6,55
1995,7,18,0,24.9,10.3,56
1995,7,19,0,25.2,12.3,54
1995,7,20,0,26.3,10.6,56
1995,7,21,0,25.7,12.3,58
1995,7,22,0,25,10.2,57
1995,7,23,0,26.2,10.2,53
1995,7,24,0,27.2,9.8,48
1995,7,25,0,26.8,13,49
1995,7,26,0,26.5,11.2,62
1995,7,27,0,25.9,11.8,50
1995,7,28,0,26.4,11.5,61
1995,7,29,0,26.5,13,55
1995,7,30,0,26.5,14.6,53
1995,7,31,0,25.8,13,46
1995,8,1,0,25.3,12.2,51
1995,8,2,0,27.8,14.4,49
1995,8,3,0,28.5,15.8,42
1995,8,4,0,30.6,15.5,37
1995,8,5,0,30.3,12,37
1995,8,6,0,28.7,14.5,40
1995,8,7,0,27.7,14.6,52
1995,8,8,0,27.7,14.3,42
1995,8,9,0,28.5,13.3,42
1995,8,10,0,29,10.6,35
1995,8,11,0,29.9,11.3,33
1995,8,12,0,29.9,12.4,38
1995,8,13,0,30,11.6,32
1995,8,14,0,31.1,11.8,32
1995,8,15,0,32.1,12,35
1995,8,16,0,31.5,12,25
1995,8,17,0,27.9,13.6,40
1995,8,18,0,26.4,13,54
1995,8,19,0,27.5,10.6,42
1995,8,20,0,27.6,12.3,37
1995,8,21,0,27.2,14.1,43
1995,8,22,0,26.5,13,52
1995,8,23,0,26.5,13.4,46
1995,8,24,0,27.2,12.8,37
1995,8,25,0,26.9,12.2,50
1995,8,26,0,25.9,12.9,49
1995,8,27,0,27.4,13.4,48
1995,8,28,0,28.9,15.1,38
1995,8,29,0,31,10.9,28
1995,8,30,0,31.2,11,25
1995,8,31,0,30.1,14.8,34
1995,9,1,0,29.5,14.8,31
1995,9,2,0,31.5,10.4,21
1995,9,3,0,31.3,14.6,29
1995,9,4,0,27.2,15.1,40
1995,9,5,0,24.2,12.4,45
1995,9,6,0,25.9,12.5,49
1995,9,7,0,26.4,12,48
1995,9,8,0,28,10,38
1995,9,9,0,29.9,10.8,34
1995,9,10,0,30.7,11.6,28
1995,9,11,0,31.9,11.9,24
1995,9,12,0,32.2,13.3,21
1995,9,13,0,30.9,13.8,34
1995,9,14,0,30.5,14.2,39
1995,9,15,0,33.1,13,32
1995,9,16,0,32.5,15.2,42
1995,9,17,0,33,13.6,36
1995,9,18,0,26.8,17.8,63
1995,9,19,0.3,28.7,16.6,59
1995,9,20,0,29.9,17.2,55
1995,9,21,0,29.7,17.6,62
1995,9,22,0,27.9,16.8,51
1995,9,23,0,27.9,15.4,57
1995,9,24,0,30.7,13.3,45
1995,9,25,0,33.1,15,37
1995,9,26,0,31.8,15.2,37
1995,9,27,4.7,28.3,16,66
1995,9,28,0,31.3,17.4,49
1995,9,29,0,29.2,16.6,54
1995,9,30,0,32.3,15,33
1995,10,1,0,29.7,15.6,47
1995,10,2,0,32,15.2,34
1995,10,3,0,34.3,15.2,28
1995,10,4,0,32.7,17.3,41
1995,10,5,0,31.7,16.6,56
1995,10,6,0,30.2,18.8,72
1995,10,7,4.9,31,15.6,64
1995,10,8,14.2,28.6,16.4,69
1995,10,9,0,27.3,17.1,68
1995,10,10,0.3,24.3,17.2,85
1995,10,11,2.6,29.8,16.3,69
1995,10,12,0,29.9,17.4,69
1995,10,13,0.7,30.1,14.8,81
1995,10,14,8.4,30.2,18.9,72
1995,10,15,3.4,31.4,17.3,57
1995,10,16,0,31.9,16.9,32
1995,10,17,0,31.7,15.6,49
1995,10,18,0,31.2,14.8,48
1995,10,19,0,30.6,16,51
1995,10,20,0.9,31.8,18.4,49
1995,10,21,5.9,29.9,15.2,76
1995,10,22,2,29.6,15.1,63
1995,10,23,0,30.3,15.2,43
1995,10,24,0,31.1,18.6,58
1995,10,25,0,31.1,13.6,47
1995,10,26,0,31.1,15.8,42
1995,10,27,0,32.9,14.2,40
1995,10,28,0,33.7,16.2,49
1995,10,29,25.4,33.6,17.3,71
1995,10,30,0,27.3,16.3,74
1995,10,31,17.8,25.3,15.8,81
1995,11,1,4.8,26.5,14.4,84
1995,11,2,9.1,27.3,14.7,91
1995,11,3,14.1,24.5,16.3,83
1995,11,4,39.1,24.1,16.6,94
1995,11,5,40.2,21.7,14.8,87
1995,11,6,0.4,26.1,15.8,67
1995,11,7,0,27,16,63
1995,11,8,0,28,16.4,51
1995,11,9,0,29.1,14.2,63
1995,11,10,11.8,28.6,15.2,69
1995,11,11,0,27.9,11.8,75
1995,11,12,2,27.4,15.8,72
1995,11,13,8,24.1,15.4,84
1995,11,14,0,26.9,16.7,77
1995,11,15,0,28.7,17.6,72
1995,11,16,16.9,28.2,15.6,83
1995,11,17,0,27.5,16.9,83
1995,11,18,0,29.7,16.5,71
1995,11,19,51,23.6,17.2,85
1995,11,20,4,27.4,17.3,81
1995,11,21,0,28.6,14.5,64
1995,11,22,0,28.1,16,64
1995,11,23,0,26.7,16.9,73
1995,11,24,6.7,25.7,16.6,90
1995,11,25,61,25.7,17.2,77
1995,11,26,0,28.7,17.1,72
1995,11,27,0,29.8,16.4,65
1995,11,28,0,28.9,18.4,64
1995,11,29,1,29,17.9,69
1995,11,30,22,23.9,18.9,85
1995,12,1,8.1,27,14,67
1995,12,2,0,28.7,15.8,60
1995,12,3,0,30.5,15.8,61
1995,12,4,24.4,26.1,16.5,86
1995,12,5,4.4,28.1,15.9,80
1995,12,6,1.4,23.1,17.8,86
1995,12,7,0,28.2,16.3,73
1995,12,8,0,26.2,17.8,81
1995,12,9,37.5,27.7,17,81
1995,12,10,35.4,27.5,16.6,88
1995,12,11,15.1,25.3,17.4,73
1995,12,12,0,25.5,17.4,89
1995,12,13,18,25.9,17.7,74
1995,12,14,10.2,26,17.6,85
1995,12,15,5.9,21.5,18.8,88
1995,12,16,1.2,26.6,17.1,83
1995,12,17,0.5,27.8,17.6,81
1995,12,18,0.2,28.8,17.7,73
1995,12,19,0,29.6,17.6,64
1995,12,20,0,29,17,75
1995,12,21,74,30.5,16.4,68
1995,12,22,2.8,27.7,16,75
1995,12,23,10.4,28.3,16.4,79
1995,12,24,0,27.7,16.2,77
1995,12,25,48.4,25.3,16,96
1995,12,26,1.2,26.1,16.9,83
1995,12,27,1.1,22.4,17.3,93
1995,12,28,21.5,24.5,17.8,86
1995,12,29,0.2,22,17.6,92
1995,12,30,5,24.3,17.2,91
1995,12,31,1.4,26.9,15.8,79
1996,1,1,0,24.5,17.2,89
1996,1,2,5.2,23.5,17,85
1996,1,3,0,27.5,17.6,66
1996,1,4,0.7,26.4,16.3,77
1996,1,5,0,28.3,15.9,66
1996,1,6,0,28.4,14.5,75
1996,1,7,0,29,16,69
1996,1,8,5.8,25.3,16.3,90
1996,1,9,4,25.6,16.8,84
1996,1,10,8.9,27.3,17.3,92
1996,1,11,22.6,25.3,16.2,78
1996,1,12,0.2,26.9,16.7,76
1996,1,13,13.6,27.7,17.3,81
1996,1,14,0.2,28,14.8,73
1996,1,15,0,28.8,14.5,64
1996,1,16,0,28.2,14.6,61
1996,1,17,0,28.7,14.6,63
1996,1,18,0,29.7,16.1,50
1996,1,19,0,29.7,14.8,68
1996,1,20,0,28.1,16.2,68
1996,1,21,0,29.7,16.8,71
1996,1,22,1.2,30.1,15.6,67
1996,1,23,0,29.9,15.2,49
1996,1,24,0,30.7,15.2,52
1996,1,25,0,30.7,15.3,48
1996,1,26,0,31.4,15,48
1996,1,27,0,30.7,16.6,52
1996,1,28,0,29.9,16,45
1996,1,29,0,30.7,15.4,58
1996,1,30,3.6,28.9,14.6,60
1996,1,31,0,30.3,15.4,50
1996,2,1,0,29.5,16.1,75
1996,2,2,36.8,28.5,14.8,72
1996,2,3,0.2,28.1,12.4,90
1996,2,4,68.9,24.6,15.4,86
1996,2,5,0.2,28.1,17.3,75
1996,2,6,0,28,17.6,78
1996,2,7,0.2,29.2,17,75
1996,2,8,0,29.3,16.2,56
1996,2,9,0,29.9,14.8,59
1996,2,10,0,31.4,17.8,45
1996,2,11,0,30.9,13.8,54
1996,2,12,0,30.2,16,63
1996,2,13,0.5,30.2,14,58
1996,2,14,0,29.5,14.9,55
1996,2,15,0,28.9,16.8,55
1996,2,16,0,29,16.4,60
1996,2,17,0,29.5,17.2,71
1996,2,18,0,30.1,15.8,65
1996,2,19,0,30.5,15.5,61
1996,2,20,0,28.6,16.1,67
1996,2,21,39.1,29.4,16,65
1996,2,22,14.4,28.3,16.3,71
1996,2,23,0.7,26.9,17.4,81
1996,2,24,20.8,28.5,17.3,74
1996,2,25,0.4,29,16.8,69
1996,2,26,0,28.6,17.3,78
1996,2,27,0,29.1,18.5,81
1996,2,28,7.8,29.7,14.4,51
1996,2,29,0,30,16.6,55
1996,3,1,0,29.4,16.6,66
1996,3,2,7.2,27.2,16.6,84
1996,3,3,0,28.3,17.1,79
1996,3,4,5.6,27,19.3,85
1996,3,5,10.2,27.4,18.5,83
1996,3,6,94.1,26.6,19.5,96
1996,3,7,10.2,28.6,17,77
1996,3,8,41.1,22.9,16.1,92
1996,3,9,20.2,27,14.9,89
1996,3,10,20.1,28.7,17.8,64
1996,3,11,11.8,23,17,83
1996,3,12,0,25.7,15.9,92
1996,3,13,57.3,26.1,16.9,82
1996,3,14,0,26.2,16,84
1996,3,15,0,28.5,15.5,74
1996,3,16,0,28.9,15.8,69
1996,3,17,10,28.5,16.3,73
1996,3,18,0,28,17.2,73
1996,3,19,0,26.3,18.4,78
1996,3,20,0,29.2,17.6,64
1996,3,21,0,29.7,15.5,59
1996,3,22,0,29.2,15.2,71
1996,3,23,0,28.8,15.6,73
1996,3,24,0,26.9,16.2,84
1996,3,25,15.5,28.2,16.2,87
1996,3,26,1.2,29,15.6,74
1996,3,27,0.2,28.4,16.4,81
1996,3,28,0,29.1,14.4,62
1996,3,29,0,28.5,16.6,68
1996,3,30,0,28.9,16.2,70
1996,3,31,0,29.6,15.4,66
1996,4,1,0,29.5,17.1,79
1996,4,2,0,29.5,16.6,63
1996,4,3,0,28.9,16.8,56
1996,4,4,0,28.8,15.5,61
1996,4,5,0,28.7,17.2,64
1996,4,6,0,29.5,14,64
1996,4,7,0,28.4,14.8,69
1996,4,8,0,30.6,15.1,59
1996,4,9,0,28.6,14.6,71
1996,4,10,1.2,29,14,64
1996,4,11,0,28.8,14.8,67
1996,4,12,7.5,24,17.2,96
1996,4,13,5.8,25.5,16.3,89
1996,4,14,16.9,22.3,16.8,91
1996,4,15,3.5,24.7,17.2,85
1996,4,16,0,26.9,17.2,85
1996,4,17,0.2,27.4,15.2,68
1996,4,18,0,26.6,17.8,87
1996,4,19,4.6,24.5,17,91
1996,4,20,0,22.3,16.5,85
1996,4,21,0,25.3,14.4,77
1996,4,22,0,25.6,12.5,64
1996,4,23,0,26.1,11.4,57
1996,4,24,0,27.6,10.3,52
1996,4,25,0,28.2,10.6,58
1996,4,26,0,28.9,13.3,54
1996,4,27,0,27.9,15.2,60
1996,4,28,0,23.5,14.9,77
1996,4,29,0,25,14.2,75
1996,4,30,0,26.1,13.4,66
1996,5,1,0,26.6,14.1,69
1996,5,2,0,27.8,12.7,60
1996,5,3,0,27.5,13.6,58
1996,5,4,0,27.8,12.6,60
1996,5,5,0,26.9,13.3,63
1996,5,6,0,26.7,14.6,66
1996,5,7,0,27.3,13.9,59
1996,5,8,0,26.8,11.5,55
1996,5,9,0,26.4,11.2,48
1996,5,10,0,27.2,9.7,56
1996,5,11,0,25.2,13.3,71
1996,5,12,0,26,17.6,59
1996,5,13,0,27.7,13.8,63
1996,5,14,0,26.7,14,66
1996,5,15,0,28.1,13.5,63
1996,5,16,0,28.5,14.5,77
1996,5,17,0,28.1,15.8,76
1996,5,18,0,28.5,15.8,81
1996,5,19,0.2,28.3,17,73
1996,5,20,0,27.3,14.2,85
1996,5,21,12,27.5,14.3,71
1996,5,22,1.1,27,16.8,85
1996,5,23,13.2,28.2,15.8,80
1996,5,24,0,27.1,14.8,71
1996,5,25,0,25.2,13.8,76
1996,5,26,0,23.8,11.8,70
1996,5,27,0,25.3,11.4,64
1996,5,28,0,24.1,11.6,61
1996,5,29,0,24.2,9.8,53
1996,5,30,0,25.3,11,67
1996,5,31,0,25.2,12.6,68
1996,6,1,0,26.7,11.6,60
1996,6,2,0,26.1,13,57
1996,6,3,0,24.5,14.1,66
1996,6,4,0,23.6,12.2,65
1996,6,5,0,24.1,14.5,60
1996,6,6,0,26.7,9.2,58
1996,6,7,0,26.2,11.3,64
1996,6,8,0,25.9,13.6,63
1996,6,9,0,26.2,15.2,58
1996,6,10,0,22.8,12.4,75
1996,6,11,0,23.3,10.4,71
1996,6,12,0,23.9,11.5,71
1996,6,13,0,24.1,11.4,72
1996,6,14,0,24.5,10.8,73
1996,6,15,0,25.6,11,64
1996,6,16,0,26.1,9.6,53
1996,6,17,0,26.7,9,43
1996,6,18,0,27.5,7.4,55
1996,6,19,0,27.1,9.8,44
1996,6,20,0,26.3,11,47
1996,6,21,0,26.6,15.5,52
1996,6,22,0,27.6,9.6,54
1996,6,23,0,27.4,10,54
1996,6,24,0,27.7,12.6,53
1996,6,25,0,25.8,11.9,53
1996,6,26,0,27.1,9.6,50
1996,6,27,0,27.4,8.4,45
1996,6,28,0,24.4,12.4,78
1996,6,29,0,24.5,8.4,77
1996,6,30,0,23.5,4.5,69
1996,7,1,0,25.1,10.8,60
1996,7,2,0,24.7,10.8,67
1996,7,3,0,27.9,9.9,56
1996,7,4,0,27.7,11.6,49
1996,7,5,0,28.1,14.8,49
1996,7,6,0,27.7,9,49
1996,7,7,0,26.6,12.6,44
1996,7,8,0,26.7,11.5,37
1996,7,9,0,26,9.1,44
1996,7,10,0,26.5,8.4,45
1996,7,11,0,26.7,10.6,53
1996,7,12,0,25.4,10.4,45
1996,7,13,0,26.6,8.6,43
1996,7,14,0,28.1,9.2,40
1996,7,15,0,27.8,10,40
1996,7,16,0,26.9,13.4,48
1996,7,17,0,26.3,11.2,46
1996,7,18,0,27.3,10.6,38
1996,7,19,0,27.4,10.2,36
1996,7,20,0,28.1,7.7,37
1996,7,21,0,28.1,8.9,30
1996,7,22,0,27.2,11,40
1996,7,23,0,25.5,12.4,59
1996,7,24,0,25,9.8,58
1996,7,25,0,25.1,7.8,45
1996,7,26,0,25.2,6.5,40
1996,7,27,0,27,9.2,36
1996,7,28,0,26.2,13.2,42
1996,7,29,0,26.6,12.5,47
1996,7,30,0,25.9,13.9,48
1996,7,31,0,25.2,12,58
1996,8,1,0,25.1,11.6,59
1996,8,2,0,25.6,12,53
1996,8,3,0,26,11.4,47
1996,8,4,0,26.9,12,53
1996,8,5,0,28,12.4,47
1996,8,6,0,28.8,10.6,25
1996,8,7,0,30.5,10.4,27
1996,8,8,0,29.9,10.8,30
1996,8,9,0,31.4,12,36
1996,8,10,0,31.4,14.5,42
1996,8,11,0,29.5,16.2,59
1996,8,12,6.1,27.2,17.1,69
1996,8,13,0,30.1,15.3,58
1996,8,14,0,30.9,15,45
1996,8,15,1.1,24.3,16,77
1996,8,16,8.7,28.1,14.6,73
1996,8,17,32.1,25.1,15.4,75
1996,8,18,0,25.7,14.6,49
1996,8,19,0,25.3,11.2,50
1996,8,20,0,25.5,10.8,50
1996,8,21,0,25.5,11.4,48
1996,8,22,0,27,11.9,40
1996,8,23,0,27.7,14.1,51
1996,8,24,0,26.9,13.6,49
1996,8,25,0,26.7,12,53
1996,8,26,0,28.7,13.2,40
1996,8,27,0,30.5,12.8,34
1996,8,28,0,31,13.8,27
1996,8,29,0,29.9,15.3,28
1996,8,30,0,27.2,14.3,43
1996,8,31,0,29.2,13.8,48
1996,9,1,0,29.7,15,63
1996,9,2,0,30.5,15.6,44
1996,9,3,0,30.9,14.3,50
1996,9,4,0,22.9,16.8,80
1996,9,5,0.2,27.5,14.2,53
1996,9,6,13.8,24.7,15.8,70
1996,9,7,0,28.7,15.5,58
1996,9,8,0,29.5,12.6,38
1996,9,9,0,30.9,14.8,34
1996,9,10,0,22.2,15.7,74
1996,9,11,0,28.1,12,52
1996,9,12,0.3,29.2,15.8,38
1996,9,13,0,29.1,15.3,49
1996,9,14,0,28.4,15,44
1996,9,15,0,28.2,17.1,43
1996,9,16,0,29.1,13.6,36
1996,9,17,0,31.3,15,31
1996,9,18,0,25.5,16.3,63
1996,9,19,2.5,27.6,14.5,65
1996,9,20,20.2,27.4,14.9,59
1996,9,21,0,30.1,13.7,53
1996,9,22,0,31.1,15.2,54
1996,9,23,0.4,32.4,15.6,37
1996,9,24,0,31.6,17,41
1996,9,25,0,33,17.1,36
1996,9,26,0.2,25.5,19.5,58
1996,9,27,0,31.8,19,38
1996,9,28,0,30.9,18.6,46
1996,9,29,0,31,17.2,42
1996,9,30,0,30.9,17.2,50
1996,10,1,0,30.6,16.8,43
1996,10,2,0,30,19,64
1996,10,3,2.4,25.9,16.5,82
1996,10,4,0,30.7,15.3,56
1996,10,5,0,29.1,16.9,64
1996,10,6,0,30,16.2,73
1996,10,7,6.1,28.2,19,84
1996,10,8,3.6,29.6,15.9,59
1996,10,9,0,29.2,18.9,44
1996,10,10,0,31.7,16.9,41
1996,10,11,0,31.5,17.8,44
1996,10,12,0,31.9,16,46
1996,10,13,3.8,31.1,16.8,73
1996,10,14,15.8,26,17.6,79
1996,10,15,0,26.9,16.9,75
1996,10,16,0,27,15.5,69
1996,10,17,0,27.9,16.8,72
1996,10,18,0,27.3,16.4,66
1996,10,19,0,30.8,16.8,52
1996,10,20,0,31.2,14.8,54
1996,10,21,1.5,29.1,15.6,76
1996,10,22,33,29.9,16.3,56
1996,10,23,0,30,17.6,53
1996,10,24,0,30.1,17.3,54
1996,10,25,0,28.9,16.8,58
1996,10,26,3.9,28.9,15.2,63
1996,10,27,0.6,28.2,19.8,72
1996,10,28,0,26.9,15.5,72
1996,10,29,0.3,27.6,18.5,74
1996,10,30,43,28.1,15.8,86
1996,10,31,2.3,26,16.1,92
1996,11,1,17.1,26.9,17.6,76
1996,11,2,0,25.8,17.7,84
1996,11,3,15.6,27.7,17.3,74
1996,11,4,2.1,26.2,13.9,84
1996,11,5,0,28.2,16.9,91
1996,11,6,44.1,24.2,17.1,81
1996,11,7,0,26.9,17.4,72
1996,11,8,0,27.6,17.1,76
1996,11,9,0,28.6,16.6,66
1996,11,10,0,30.4,14,59
1996,11,11,0,31.2,14.8,54
1996,11,12,0,31.4,15.4,46
1996,11,13,0,30.9,18.6,45
1996,11,14,0,28.1,15.7,74
1996,11,15,10.2,26.7,17,89
1996,11,16,16.1,28.5,18.4,79
1996,11,17,22.6,25.7,18.4,83
1996,11,18,0.9,25.9,18.5,80
1996,11,19,13.1,25.6,18.5,88
1996,11,20,11.2,28.4,18.4,73
1996,11,21,17.6,25.3,17.5,87
1996,11,22,7.9,21.9,18.8,93
1996,11,23,22.3,24.9,17.2,86
1996,11,24,19.4,24.9,17.2,93
1996,11,25,11.6,27.4,14.5,58
1996,11,26,0,29.5,15.6,55
1996,11,27,7.4,25.2,18.3,79
1996,11,28,16.5,20.7,17.3,81
1996,11,29,0.7,20.4,15.8,90
1996,11,30,4.8,18,14.8,92
1996,12,1,7.2,26.2,12.8,81
1996,12,2,4.2,27.7,16.4,68
1996,12,3,0.8,27.4,16.8,73
1996,12,4,0,28.4,16,80
1996,12,5,0,28.8,15.7,65
1996,12,6,1.4,28.1,15.3,83
1996,12,7,21,28.3,14.8,63
1996,12,8,0,28.3,18.3,76
1996,12,9,0,26.9,16.5,70
1996,12,10,24.2,29.6,15.7,59
1996,12,11,2,28.5,18.5,74
1996,12,12,31.3,25.9,17.4,72
1996,12,13,0.2,30.6,16.8,60
1996,12,14,0,28.3,17.2,77
1996,12,15,0,28.9,16.8,69
1996,12,16,1.1,30,18.7,58
1996,12,17,0,30.6,17.3,49
1996,12,18,0,31.3,16.1,54
1996,12,19,0,30.2,19.1,60
1996,12,20,11,27.9,16.9,76
1996,12,21,9,25.7,17,79
1996,12,22,3.6,27,18.6,84
1996,12,23,0,26.3,19,77
1996,12,24,4.2,26.9,18.3,79
1996,12,25,12.9,27.5,17.8,79
1996,12,26,49.1,27,16.7,80
1996,12,27,46.2,26.5,17,83
1996,12,28,51.4,26.1,18.4,79
1996,12,29,0.6,27,18.4,74
1996,12,30,0.6,27.1,19.3,86
1996,12,31,11.6,26.7,18.9,82
1997,1,1,4,24,19,80
1997,1,2,0.6,23.4,19.2,86
1997,1,3,3.1,25.3,18.7,86
1997,1,4,57.4,20.6,17.6,95
1997,1,5,18,26,18.4,84
1997,1,6,7.4,24.9,17.5,89
1997,1,7,6.8,28.4,18.6,73
1997,1,8,14.6,28.9,17.4,84
1997,1,9,20,28.4,17.8,67
1997,1,10,28.4,27.9,16.7,73
1997,1,11,0,28.3,16,79
1997,1,12,2.8,26.6,16.6,81
1997,1,13,19.6,27.6,16.8,74
1997,1,14,0,25.2,18.6,82
1997,1,15,15,28.3,17.6,78
1997,1,16,0.2,24.7,15.7,71
1997,1,17,10.8,26.3,17.4,80
1997,1,18,0,27.2,16.2,83
1997,1,19,68.8,24.9,16.6,84
1997,1,20,0,25.9,17.3,80
1997,1,21,1,24.8,17.6,84
1997,1,22,5.9,25.1,17.4,89
1997,1,23,1.4,25.6,15.4,74
1997,1,24,0,28.1,17.4,73
1997,1,25,15.4,28.3,17.1,67
1997,1,26,16.6,24,17.6,91
1997,1,27,6.4,25.9,18.6,88
1997,1,28,2.4,25.3,17.3,82
1997,1,29,17.8,21.5,17.4,92
1997,1,30,4.9,25.3,17,81
1997,1,31,8.7,27.7,16.2,71
1997,2,1,0,27.1,18.4,75
1997,2,2,5,27.3,16.4,75
1997,2,3,28.2,23.2,16.2,90
1997,2,4,21.6,25.3,19.9,71
1997,2,5,0,27.2,18.5,70
1997,2,6,0,27.9,16,73
1997,2,7,0,27.4,16.2,65
1997,2,8,0,28.5,15,61
1997,2,9,0,27.7,14.8,67
1997,2,10,0,27.8,16.8,63
1997,2,11,0,27.9,15.4,66
1997,2,12,0,28.5,14.6,59
1997,2,13,0.7,28.3,14.6,67
1997,2,14,0,28.6,15.2,62
1997,2,15,0,28.4,16.6,67
1997,2,16,0,27.7,16.6,67
1997,2,17,2.7,26.1,17.4,78
1997,2,18,2.3,25.7,16.9,81
1997,2,19,5,28.9,15,63
1997,2,20,0,28.6,16.6,74
1997,2,21,0,29.5,16.3,66
1997,2,22,0,29.7,19.4,61
1997,2,23,0,30.3,19,59
1997,2,24,0,30.3,16.6,59
1997,2,25,0,27.9,19.7,84
1997,2,26,36.4,28.7,17.6,77
1997,2,27,0,26.9,18.7,76
1997,2,28,2.4,24.2,19.8,87
1997,3,1,0,22.7,18.6,89
1997,3,2,14.2,23.3,17,84
1997,3,3,0.3,22.1,15.4,88
1997,3,4,0,24.8,15.5,95
1997,3,5,4.4,24.9,17.1,88
1997,3,6,29.6,24.5,17.5,82
1997,3,7,5,26.3,16.8,94
1997,3,8,25.8,25.8,17,76
1997,3,9,0,28.3,17.3,73
1997,3,10,16.2,26.8,17.3,75
1997,3,11,0,26.6,16.3,79
1997,3,12,0,27.8,15.8,68
1997,3,13,0,27.9,15.2,66
1997,3,14,11.9,28.3,17.5,73
1997,3,15,7.8,28.4,18.3,82
1997,3,16,4.6,26.2,17.8,82
1997,3,17,12.8,26.4,17.8,81
1997,3,18,5.8,26.6,17.1,84
1997,3,19,33.7,23.4,18.4,89
1997,3,20,10.9,25.3,17.8,91
1997,3,21,50.5,26.4,18.7,89
1997,3,22,13.4,27.7,18.6,78
1997,3,23,0.4,27.6,17.6,75
1997,3,24,3.4,28.4,17.2,70
1997,3,25,0,28.3,16.8,62
1997,3,26,0,26,16.9,76
1997,3,27,0,26.2,16.3,72
1997,3,28,1.8,22.9,17.2,90
1997,3,29,5,23.5,17.5,84
1997,3,30,10.4,18.5,15,96
1997,3,31,36.3,19.9,16.2,93
1997,4,1,9.8,25.7,17.3,85
1997,4,2,0,27.6,17.6,81
1997,4,3,25.3,26.9,16.1,82
1997,4,4,5.5,26.6,16.1,82
1997,4,5,0.4,28.7,15.2,70
1997,4,6,0,28.3,17.8,76
1997,4,7,22,26.4,17.1,83
1997,4,8,0,25.8,17.5,78
1997,4,9,0,25.4,16.1,72
1997,4,10,0,25.5,14.8,69
1997,4,11,0,26.4,14.1,67
1997,4,12,0,27.2,17.8,63
1997,4,13,0,25.7,15.6,79
1997,4,14,0,27.4,17.1,71
1997,4,15,2,24.7,16.2,80
1997,4,16,3.2,21.9,17.3,86
1997,4,17,0,22,15.8,88
1997,4,18,6.4,24.8,16.5,90
1997,4,19,2.8,26.3,16,79
1997,4,20,17.6,27.3,15.4,82
1997,4,21,6.4,24,15.2,82
1997,4,22,18,26.8,14.1,71
1997,4,23,0,26.1,16.3,76
1997,4,24,4.1,26.4,16.2,77
1997,4,25,0,27.1,15.5,69
1997,4,26,0,26,14.8,82
1997,4,27,24.6,27.1,14,73
1997,4,28,0,28.3,16.3,79
1997,4,29,0,26.2,15.6,78
1997,4,30,0,25.4,15.5,80
1997,5,1,0.4,26.1,15.6,80
1997,5,2,0,25.7,16.2,78
1997,5,3,0,25.5,14.2,73
1997,5,4,0,25.7,13,72
1997,5,5,0,25,12.1,67
1997,5,6,0,25,16.4,63
1997,5,7,0,24.7,13.4,62
1997,5,8,0,25.2,11.3,64
1997,5,9,0,25.1,11.2,60
1997,5,10,0,25.9,12.4,60
1997,5,11,0,25.6,12.7,60
1997,5,12,0,26.3,11.8,52
1997,5,13,0,26.2,11.2,64
1997,5,14,0,22.4,13.1,86
1997,5,15,6.7,21.2,12,90
1997,5,16,68.2,17.4,14.2,96
1997,5,17,8.4,23,14.2,82
1997,5,18,0,24.1,12.4,76
1997,5,19,0,23.6,13.6,73
1997,5,20,0,24.6,11.2,67
1997,5,21,0,25.2,14.2,73
1997,5,22,0,26.7,13.8,76
1997,5,23,29.6,25.3,11.2,68
1997,5,24,0,24.9,15.8,73
1997,5,25,0,26,12,70
1997,5,26,0,24.6,13.3,80
1997,5,27,0.9,25,14.4,69
1997,5,28,0,25.9,16,64
1997,5,29,0,26.6,12.2,62
1997,5,30,0,25.4,12.2,68
1997,5,31,0,25.6,11.2,55
1997,6,1,0,24.7,10.2,64
1997,6,2,0,25.2,15.1,66
1997,6,3,0,25.5,16.6,64
1997,6,4,0,26.4,11.6,64
1997,6,5,0,26.8,12.3,62
1997,6,6,8.1,19.5,14.6,87
1997,6,7,1.1,19.3,14.4,82
1997,6,8,2.4,20,11.4,81
1997,6,9,0,22.4,5.7,67
1997,6,10,0,26.3,9.2,63
1997,6,11,0,27.2,14,68
1997,6,12,0,27.5,12.7,71
1997,6,13,0,26.3,12,72
1997,6,14,0,25.8,11.7,74
1997,6,15,5,19.3,14,90
1997,6,16,1.2,24.6,14.8,79
1997,6,17,0,25.7,12.5,75
1997,6,18,3.6,27,14.6,65
1997,6,19,0,26.4,16.2,64
1997,6,20,0,27.1,13,69
1997,6,21,0,26,12.6,64
1997,6,22,0,27.2,10.6,50
1997,6,23,0,26.5,11,58
1997,6,24,0,26.7,9.8,56
1997,6,25,0,26.5,10.6,63
1997,6,26,0,27.2,9.8,63
1997,6,27,0,26.7,11,57
1997,6,28,0,26.5,10.7,57
1997,6,29,0,26.9,10.6,52
1997,6,30,0,26.6,10,54
1997,7,1,0,25.4,9.2,49
1997,7,2,0,27.3,9.9,49
1997,7,3,0,27.4,10.9,51
1997,7,4,0,27.3,12.8,46
1997,7,5,0,25.7,13.2,52
1997,7,6,0,24.1,11.8,63
1997,7,7,0,23.8,13.6,72
1997,7,8,0,24.9,12,60
1997,7,9,0,25.6,11,55
1997,7,10,0,24.3,11.2,55
1997,7,11,0,24.9,11.6,54
1997,7,12,0,25,11.1,52
1997,7,13,0,26.7,9.6,57
1997,7,14,0,27.5,10.7,53
1997,7,15,0,27.7,11.4,52
1997,7,16,0,26.4,12.1,56
1997,7,17,0,24.2,9.6,58
1997,7,18,0,26.5,9.8,56
1997,7,19,0,24.7,10,51
1997,7,20,0,25,12.4,58
1997,7,21,0,26.7,11.6,51
1997,7,22,0,25.8,11.6,48
1997,7,23,0,25.9,12.6,53
1997,7,24,0,24.7,11.1,55
1997,7,25,0,23.7,12.1,64
1997,7,26,0,23.7,11.4,54
1997,7,27,0,22.5,11.6,56
1997,7,28,0,23.5,10.6,50
1997,7,29,0,25.1,14.2,52
1997,7,30,0,27,10.2,51
1997,7,31,0,27.1,10.6,51
1997,8,1,0,28.4,9.7,60
1997,8,2,0,28.7,10.8,38
1997,8,3,0,28.7,10.8,40
1997,8,4,0,29.1,14,38
1997,8,5,0,27.5,14,41
1997,8,6,0,27.4,16.2,57
1997,8,7,0,26.7,13.8,70
1997,8,8,0,27.9,15.1,49
1997,8,9,0,25.9,14.6,66
1997,8,10,0,25.9,10.8,61
1997,8,11,0,27,8.6,56
1997,8,12,0,27.2,11.9,46
1997,8,13,0,27.7,13.2,46
1997,8,14,0,27.6,15.1,43
1997,8,15,0,25.8,9.9,41
1997,8,16,0,25.9,16.6,49
1997,8,17,0,26.9,11.2,45
1997,8,18,0,27.4,13.8,46
1997,8,19,0,27.6,11.2,51
1997,8,20,0,28.5,12.3,38
1997,8,21,0,28.7,11.6,31
1997,8,22,0,29.3,10.6,30
1997,8,23,0,29.8,11.2,26
1997,8,24,0,31.9,11.9,29
1997,8,25,0,30.6,14.1,40
1997,8,26,0,30.1,18.4,32
1997,8,27,0,29.8,14.3,43
1997,8,28,0,28.1,14.1,39
1997,8,29,0,27.3,13.5,41
1997,8,30,0,27.7,13.6,36
1997,8,31,0,27.6,13.8,31
1997,9,1,0,27.7,11.6,27
1997,9,2,0,28.3,10,28
1997,9,3,0,30.3,11,22
1997,9,4,0,31.9,11.6,26
1997,9,5,0,32.7,12.6,26
1997,9,6,0,34.7,15.6,27
1997,9,7,0,32.9,13.2,30
1997,9,8,0,33.3,13,29
1997,9,9,0,33.7,17.8,55
1997,9,10,0,32.2,18.8,61
1997,9,11,12,27.7,17.4,61
1997,9,12,0,32.1,17.1,55
1997,9,13,6.4,31.6,19.2,53
1997,9,14,0,32.7,18.4,45
1997,9,15,0,32.9,15.8,43
1997,9,16,0,31.8,20.7,52
1997,9,17,0,32.5,20,48
1997,9,18,0,32.3,14,52
1997,9,19,12.2,32.1,18.6,69
1997,9,20,0,31.2,16.8,57
1997,9,21,0,26,19.4,77
1997,9,22,2.3,29.1,17.4,59
1997,9,23,0,30.7,17.1,47
1997,9,24,5.7,28.8,17.3,73
1997,9,25,23.8,26.8,17,78
1997,9,26,7.8,29.7,17.7,55
1997,9,27,0,31.2,17.6,52
1997,9,28,0,28,18.9,52
1997,9,29,0,30.2,17.3,51
1997,9,30,0.3,25.3,14.6,79
1997,10,1,0,29.4,17.8,48
1997,10,2,0,32.7,19.2,64
1997,10,3,0,30.1,14.8,60
1997,10,4,0,30.9,17.2,54
1997,10,5,0,30.8,17.6,65
1997,10,6,1.6,30.8,16,49
1997,10,7,0,31.5,19.7,50
1997,10,8,0,31.1,17.9,47
1997,10,9,0,30.2,16.7,51
1997,10,10,0,30,12.8,47
1997,10,11,0,32.3,14.4,37
1997,10,12,0,33.4,14.9,35
1997,10,13,0,34,16,35
1997,10,14,0,33.9,19,47
1997,10,15,0,34,15.6,36
1997,10,16,0,31.6,19.8,65
1997,10,17,0,30.7,16.3,68
1997,10,18,33.4,27.9,17.8,68
1997,10,19,0,27.8,19.4,79
1997,10,20,0,27.4,18.7,74
1997,10,21,0.5,26.6,18.4,84
1997,10,22,4.7,27.1,19.5,80
1997,10,23,0,30.4,17.8,58
1997,10,24,0,28.8,16.3,80
1997,10,25,0.7,31.5,16,70
1997,10,26,0,30,17.2,75
1997,10,27,2.4,31.1,17.2,56
1997,10,28,0,31.1,14.5,59
1997,10,29,0,33,16.6,59
1997,10,30,13.9,29.2,19,68
1997,10,31,0,28.6,16.8,70
1997,11,1,8.8,31,17.8,69
1997,11,2,0,31.2,16.8,56
1997,11,3,0,32.1,15.7,40
1997,11,4,0,33.6,15.8,48
1997,11,5,0,32.7,15.8,37
1997,11,6,0,32.2,15.2,39
1997,11,7,0,33.3,17,64
1997,11,8,0,33,18.4,50
1997,11,9,0,29.8,19.5,65
1997,11,10,2,31.2,19.2,71
1997,11,11,10.1,31,18.3,77
1997,11,12,14.6,30.2,19.1,75
1997,11,13,0.3,27.2,16.7,83
1997,11,14,32.4,27.6,17.7,90
1997,11,15,0,28.3,16.1,89
1997,11,16,22.6,25.9,17.8,81
1997,11,17,1.2,30.3,18.4,64
1997,11,18,31.6,27.5,17,71
1997,11,19,0,28.1,16.6,89
1997,11,20,8.7,28.2,17,80
1997,11,21,0.7,28.3,16,80
1997,11,22,11,29.6,17.6,70
1997,11,23,4.1,28.8,17.6,75
1997,11,24,0.7,29.5,18.5,77
1997,11,25,0,28.4,18.4,83
1997,11,26,6.1,28.4,17.2,77
1997,11,27,1.2,25.2,17.3,91
1997,11,28,12.1,29,18.6,77
1997,11,29,7.9,22.2,19,92
1997,11,30,4,26.5,18.6,80
1997,12,1,0.4,26.8,18.7,76
1997,12,2,0.3,25.7,17.8,84
1997,12,3,0.3,27.8,18.4,83
1997,12,4,8,27.7,17.4,82
1997,12,5,0,25.8,18.4,82
1997,12,6,0.7,29,17.6,84
1997,12,7,0.6,27,19.6,85
1997,12,8,0,26.2,17.8,90
1997,12,9,3.6,30.4,18.7,66
1997,12,10,0,27,17.5,87
1997,12,11,26.2,27,18.6,80
1997,12,12,4.6,26.7,17.8,85
1997,12,13,0.4,27.7,16.6,77
1997,12,14,0,28.7,18.4,75
1997,12,15,10.7,28.7,17.8,88
1997,12,16,4.4,26.9,18.9,84
1997,12,17,17.2,25.8,18.9,87
1997,12,18,0.8,30.3,17.2,94
1997,12,19,11.5,27,16.7,73
1997,12,20,0,29.2,16.8,70
1997,12,21,0,29.4,15.3,69
1997,12,22,3,29.4,17.4,67
1997,12,23,0,30.7,16.4,53
1997,12,24,0,31.6,15.8,53
1997,12,25,0,31.6,16.4,58
1997,12,26,0,29.8,14.6,66
1997,12,27,4.6,27.8,17.7,82
1997,12,28,15.9,28.2,18.4,73
1997,12,29,8,30.3,16.7,75
1997,12,30,0,28.7,15.2,62
1997,12,31,0,29.3,16.7,64
2008,1,1,0,31.4,14.4,49
2008,1,2,0,30.2,11.5,57
2008,1,3,0,29,15.2,62
2008,1,4,0,29.5,13.6,56
2008,1,5,0,30.8,13.9,59
2008,1,6,0,29.5,15,77
2008,1,7,14.6,29.1,15.6,83
2008,1,8,0.3,29.4,15.2,76
2008,1,9,33.9,28.4,14.9,82
2008,1,10,61.4,27.8,15,78
2008,1,11,0,27.4,13.2,86
2008,1,12,17,26.8,13.8,83
2008,1,13,0.6,26.7,13,80
2008,1,14,1.2,27.3,15,70
2008,1,15,0,26.1,15,77
2008,1,16,10,27.8,14.2,80
2008,1,17,58.3,27,14.4,78
2008,1,18,0,29.6,12.4,73
2008,1,19,31.5,27,16.2,80
2008,1,20,12.7,29,14.4,79
2008,1,21,37.8,26.6,15.5,80
2008,1,22,0,27.6,16.2,83
2008,1,23,17.6,25.4,15.1,86
2008,1,24,7.6,25.7,16.2,91
2008,1,25,8.2,27,16,86
2008,1,26,2.2,25.2,16.2,92
2008,1,27,6.6,23.8,15.2,91
2008,1,28,33,25.1,15,89
2008,1,29,14.4,22.4,16.8,88
2008,1,30,3.3,23.4,18,86
2008,1,31,7.5,25.1,15,81
2008,2,1,0,27.5,16.8,79
2008,2,2,3.2,27.4,19.8,87
2008,2,3,8.3,25.5,11.6,84
2008,2,4,4.8,28,16.2,73
2008,2,5,0.2,26.3,15.6,90
2008,2,6,18.6,22.2,13.6,94
2008,2,7,10,23.6,13.4,88
2008,2,8,24.8,27.6,15.4,79
2008,2,9,0,29.4,14.5,66
2008,2,10,0,29.2,12.2,67
2008,2,11,0,30.1,13.9,70
2008,2,12,10.2,29.9,13.6,79
2008,2,13,0,29.7,13,68
2008,2,14,0,29,12.6,74
2008,2,15,0.2,27.2,15.3,75
2008,2,16,0,28.4,12.4,68
2008,2,17,0,27.4,15.6,75
2008,2,18,0,27.1,14,84
2008,2,19,2,26.6,13.8,80
2008,2,20,0,28.4,15.6,81
2008,2,21,58.5,25.8,14.5,81
2008,2,22,1.8,27.2,14.4,84
2008,2,23,22.6,26.6,14,87
2008,2,24,9.8,26.8,13.8,85
2008,2,25,27.6,27.4,14.2,86
2008,2,26,10.3,28,15.3,77
2008,2,27,9.4,27.9,15.3,84
2008,2,28,27.4,27,15,85
2008,2,29,1.9,26.2,16.6,95
2008,3,1,14.8,23,16.2,90
2008,3,2,11.4,26.7,16.4,82
2008,3,3,0,22.8,17.1,91
2008,3,4,20.6,27.2,15.2,76
2008,3,5,0,27.6,14.8,78
2008,3,6,17.6,26,15.3,78
2008,3,7,20.4,25.8,15.2,81
2008,3,8,0,28.5,15.8,80
2008,3,9,5.5,26.7,15,83
2008,3,10,0,26.4,14.6,87
2008,3,11,8.8,26.2,14,85
2008,3,12,3,27.4,14.3,83
2008,3,13,11.4,28.1,15.4,86
2008,3,14,4.3,28,15.3,75
2008,3,15,0,28.5,15.1,78
2008,3,16,55.5,27.2,14.9,82
2008,3,17,0,27.8,13.6,76
2008,3,18,0.6,27.3,14.4,79
2008,3,19,0,27,10.8,77
2008,3,20,0,27.7,12.2,73
2008,3,21,0,27.2,11.8,71
2008,3,22,0,27.8,13.2,74
2008,3,23,0,28.2,13,75
2008,3,24,34.6,27.4,16.2,88
2008,3,25,0.4,26.6,14.8,89
2008,3,26,2.5,27.3,14.9,73
2008,3,27,0.4,25.3,14.4,92
2008,3,28,33.2,28.9,11.3,79
2008,3,29,0,29,12.4,72
2008,3,30,3.4,28.6,12.4,67
2008,3,31,0,27.1,14,71
2008,4,1,0,26.9,12.2,67
2008,4,2,0,26.2,12,76
2008,4,3,0,26.7,15.8,81
2008,4,4,35.4,24.8,15.6,88
2008,4,5,15.3,25.4,14.3,90
2008,4,6,2.3,25.1,14.2,88
2008,4,7,3.2,27.7,16.8,77
2008,4,8,0,28.4,13.3,78
2008,4,9,0,28.2,16.4,71
2008,4,10,0,29.4,13.1,70
2008,4,11,0,29.2,13.2,67
2008,4,12,0,29.4,14.6,80
2008,4,13,32.8,28.5,13.2,80
2008,4,14,0,26.6,13.4,84
2008,4,15,0.2,28,12.9,73
2008,4,16,4.4,27.5,14,82
2008,4,17,0.4,27.2,14.6,79
2008,4,18,0,27,13.8,75
2008,4,19,0,28.8,12.4,68
2008,4,20,7.6,27.2,15.1,83
2008,4,21,37,28.4,13.6,71
2008,4,22,0,28.2,12.2,72
2008,4,23,35.7,24.9,14.4,92
2008,4,24,5,28.3,12,79
2008,4,25,0,28.2,12,67
2008,4,26,0,28.1,11.2,65
2008,4,27,12.4,28.3,12.8,80
2008,4,28,2.9,28.8,12.2,68
2008,4,29,0,29.4,12.4,67
2008,4,30,0,28.2,13.5,81
2008,5,1,0,26.8,12.6,80
2008,5,2,0,26,15,78
2008,5,3,0,27.4,11.3,75
2008,5,4,0,25.4,9.9,84
2008,5,5,0,26.5,12.6,73
2008,5,6,0.3,27.8,11.4,69
2008,5,7,0,26.7,10.2,69
2008,5,8,0,26.6,6.1,58
2008,5,9,0,26.4,11.6,53
2008,5,10,0,27,9.4,59
2008,5,11,0,26,9.1,66
2008,5,12,0,24.4,11.4,67
2008,5,13,0,23.6,12.6,70
2008,5,14,0,24.8,9.8,64
2008,5,15,0,25.1,7.7,64
2008,5,16,0,25.5,7.9,66
2008,5,17,0,25.5,9.6,71
2008,5,18,0,26.2,12.4,71
2008,5,19,0,25.8,9,67
2008,5,20,0,26.3,7.6,55
2008,5,21,0,26,6.3,53
2008,5,22,0,26.4,7.4,55
2008,5,23,0,26.6,6.6,62
2008,5,24,0,27.2,7.8,63
2008,5,25,0,26.2,6.9,68
2008,5,26,0,26.6,8.3,67
2008,5,27,0,27.5,9.5,63
2008,5,28,0,27.3,11.6,66
2008,5,29,0,26.7,10.6,63
2008,5,30,0,27.4,10.5,64
2008,5,31,0,26.6,13.5,71
2008,6,1,0,25,12.4,71
2008,6,2,0,24.6,11.3,68
2008,6,3,0,24.9,10,70
2008,6,4,0,25.2,9.5,67
2008,6,5,0,26.4,7.2,59
2008,6,6,0,26,8.9,59
2008,6,7,0,25.8,10.2,62
2008,6,8,0,26.2,12.4,65
2008,6,9,0,25.6,9.3,65
2008,6,10,0,27,7.7,62
2008,6,11,0,26.2,8.8,58
2008,6,12,0,26.7,9.3,52
2008,6,13,0,27.4,5.2,60
2008,6,14,0,26.1,7.6,52
2008,6,15,0,26.6,6,57
2008,6,16,0,26.9,6,62
2008,6,17,0,26.8,11.9,67
2008,6,18,0,26.2,7.6,60
2008,6,19,0,26.4,8.6,64
2008,6,20,0,26.2,7,64
2008,6,21,0,26.4,6.8,69
2008,6,22,0,26.8,6.8,54
2008,6,23,0,26.8,6.6,58
2008,6,24,0,26.1,8.3,57
2008,6,25,0,25.2,7.8,71
2008,6,26,0,25,8.2,68
2008,6,27,0,24.1,9,65
2008,6,28,0,23.6,9.2,67
2008,6,29,0,25.6,13,64
2008,6,30,0,25.7,10.8,55
2008,7,1,0,26,9,58
2008,7,2,0,25.6,11.6,67
2008,7,3,0,25.6,8.6,63
2008,7,4,0,24.8,8,59
2008,7,5,0,26.4,8.1,55
2008,7,6,0,25.2,8.2,62
2008,7,7,0,25.2,11.4,57
2008,7,8,0,23.6,5,53
2008,7,9,0,22.6,4.4,54
2008,7,10,0,23.4,8,61
2008,7,11,0,23.8,9,66
2008,7,12,0,23.6,8,62
2008,7,13,0,22.7,6.4,57
2008,7,14,0,23,3.4,58
2008,7,15,0,23.8,6.8,63
2008,7,16,0,23.6,7,61
2008,7,17,0,25.4,6.2,59
2008,7,18,0,27.6,7.1,47
2008,7,19,0,28.2,6.8,45
2008,7,20,0,28.2,12.1,41
2008,7,21,0,26.8,12,48
2008,7,22,0,26.4,5.2,45
2008,7,23,0,27.6,4.9,50
2008,7,24,0,28.4,5.4,44
2008,7,25,0,27.8,4.5,44
2008,7,26,0,28.1,10.4,45
2008,7,27,0,26.5,9.4,50
2008,7,28,0,25.2,10.2,59
2008,7,29,0,25.6,5.6,49
2008,7,30,0,26.6,5.4,49
2008,7,31,0,27.8,8.6,41
2008,8,1,0,28.6,10,47
2008,8,2,0,29.2,7.8,44
2008,8,3,0,30.4,8.8,42
2008,8,4,0,29.8,9.2,58
2008,8,5,0,31,10.1,42
2008,8,6,0,29.1,11.8,62
2008,8,7,0,27.9,11,58
2008,8,8,0,25.4,8.4,49
2008,8,9,0,30,9.6,49
2008,8,10,0,29.6,10.1,48
2008,8,11,0,28.7,10.1,50
2008,8,12,0,28.4,11.9,41
2008,8,13,0,28.6,8.5,40
2008,8,14,0,27.6,10.4,45
2008,8,15,0,27,8.9,40
2008,8,16,0,27.8,8.2,37
2008,8,17,0,27.8,7.6,44
2008,8,18,0,27.5,12,47
2008,8,19,0,26.1,10.1,50
2008,8,20,0,26.5,9.6,51
2008,8,21,0,26.9,10.2,48
2008,8,22,0,28,15.8,43
2008,8,23,0,28.4,12,40
2008,8,24,0,27.4,10.6,50
2008,8,25,0,26.7,10.6,54
2008,8,26,0,28.4,8.2,45
2008,8,27,0,29.2,6.8,34
2008,8,28,0,30.4,5.9,32
2008,8,29,0,31.4,12.7,33
2008,8,30,0,32,14.3,42
2008,8,31,3,26,15.3,70
2008,9,1,0,29.1,14.3,48
2008,9,2,0,29.2,13,41
2008,9,3,0,30,11,34
2008,9,4,0,31.8,10.4,34
2008,9,5,0,32.5,12.5,27
2008,9,6,0,33.8,11.8,34
2008,9,7,0,32.1,17.5,44
2008,9,8,0,33.1,15.2,33
2008,9,9,0,32.3,14.7,38
2008,9,10,0,31.4,16.8,37
2008,9,11,0,31.3,11.1,33
2008,9,12,0,32.5,13.3,29
2008,9,13,0,33.3,11.2,30
2008,9,14,0,32.5,14.3,41
2008,9,15,0,32.6,15.6,44
2008,9,16,0,32.7,18.2,39
2008,9,17,0,32.4,15.9,51
2008,9,18,0.5,30.4,18.5,52
2008,9,19,0,31,18.4,60
2008,9,20,4.4,24,17.5,79
2008,9,21,15.4,22.6,16.9,77
2008,9,22,0,27.2,15.2,68
2008,9,23,0,30.7,12,40
2008,9,24,0,31.2,9.4,34
2008,9,25,0,31.4,12.5,58
2008,9,26,5,29.9,16.9,76
2008,9,27,6.5,26.4,15.6,85
2008,9,28,0.6,30.6,13.3,59
2008,9,29,0,32.4,15.5,43
2008,9,30,0,33.1,13.3,56
2008,10,1,3.3,31.2,15.7,69
2008,10,2,1.4,31.5,15.2,68
2008,10,3,3.4,30.2,14.3,71
2008,10,4,4.6,31.7,17.8,51
2008,10,5,0,33.3,16.9,51
2008,10,6,0,33.1,18.1,47
2008,10,7,0,31.8,17.8,47
2008,10,8,0,30.8,16.4,46
2008,10,9,0,28.6,15.2,48
2008,10,10,0,28.4,16,55
2008,10,11,0,28.6,13.7,58
2008,10,12,0,29.4,18.3,50
2008,10,13,0,31.2,13.6,40
2008,10,14,0,32,19,39
2008,10,15,0,32.8,21.1,36
2008,10,16,0,34.3,14.1,35
2008,10,17,0,34.5,22.1,47
2008,10,18,0,29.4,15.5,65
2008,10,19,0,26.7,17.5,71
2008,10,20,1.4,27.4,18.5,68
2008,10,21,0,27.8,18.3,62
2008,10,22,0,30.4,17.8,63
2008,10,23,10.5,30.2,17.3,59
2008,10,24,0,31.6,18.1,46
2008,10,25,0,31.8,13.5,46
2008,10,26,0,34.1,13.9,36
2008,10,27,0,34.9,15.1,53
2008,10,28,0,36.3,21.6,36
2008,10,29,0,34.3,18.5,60
2008,10,30,5,29.3,19.1,81
2008,10,31,0.2,33.3,17.2,56
2008,11,1,0,34.2,19.6,44
2008,11,2,0,31.6,18.7,44
2008,11,3,0,33,19.9,60
2008,11,4,0.4,33.6,19.9,54
2008,11,5,0,33.3,17.4,57
2008,11,6,0.6,32.1,15.2,64
2008,11,7,0,32.7,17.4,69
2008,11,8,0,31.2,17,74
2008,11,9,0,31.5,14.4,72
2008,11,10,0.6,28.6,16.2,75
2008,11,11,7.7,22.9,17.3,95
2008,11,12,16.4,28,14.1,82
2008,11,13,0.8,27.8,17.7,74
2008,11,14,0,28.8,18.1,73
2008,11,15,0,30.8,18.5,69
2008,11,16,0.6,31.8,15.2,74
2008,11,17,6.8,26.5,18.1,89
2008,11,18,41.2,25,18.2,87
2008,11,19,2.2,27,16.5,78
2008,11,20,0,28.9,15.1,75
2008,11,21,54.2,24.8,16.3,84
2008,11,22,1.4,21.7,17.5,94
2008,11,23,1.1,25.2,16.9,91
2008,11,24,0,26.3,16.6,85
2008,11,25,0,28,13.6,82
2008,11,26,0.4,27.4,13.5,78
2008,11,27,48.2,24.4,16.2,84
2008,11,28,0.7,24.9,16.6,86
2008,11,29,13.6,25.4,16.2,81
2008,11,30,0,27.8,16.1,75
2008,12,1,0,28.9,18.3,72
2008,12,2,0,27.6,18.5,88
2008,12,3,61,26.4,18,84
2008,12,4,4,26.9,17,75
2008,12,5,0,27.8,15.3,72
2008,12,6,0,29.2,16.6,71
2008,12,7,0.8,26.1,18.1,79
2008,12,8,0,27.8,15,78
2008,12,9,0,30.1,15.4,65
2008,12,10,0,30.2,15.5,61
2008,12,11,7,26.2,17.8,80
2008,12,12,0,29.6,14.3,70
2008,12,13,10.6,29.6,17.8,93
2008,12,14,3.1,26.2,19.1,80
2008,12,15,0,28.5,18.3,81
2008,12,16,7.6,21,18,93
2008,12,17,17.9,22,17.8,97
2008,12,18,15.6,24,17.6,92
2008,12,19,15.8,24.8,17,84
2008,12,20,18.8,23.2,17.4,91
2008,12,21,13,23.2,15,92
2008,12,22,3.6,26,15,81
2008,12,23,54,24.6,16.8,85
2008,12,24,0,28.2,16,74
2008,12,25,1.2,27.3,17,81
2008,12,26,2.4,26.6,15.7,80
2008,12,27,5.2,27.6,19.1,79
2008,12,28,1.6,28.6,18.7,80
2008,12,29,20,26,18.4,86
2008,12,30,7.4,30.4,16.6,73
2008,12,31,0,30.2,17.8,69
2009,1,1,0,30.3,19.1,66
2009,1,2,18.9,30,17,68
2009,1,3,1.6,28.6,16.7,78
2009,1,4,0,28.3,18.5,77
2009,1,5,5.8,25.1,18.1,88
2009,1,6,4.4,27.5,17.6,78
2009,1,7,8.4,27.6,17.8,86
2009,1,8,6,27.8,16.8,85
2009,1,9,2.8,26.8,14.2,82
2009,1,10,16.6,27.7,15.8,72
2009,1,11,0,28,15.4,73
2009,1,12,0,29.3,15.2,67
2009,1,13,0,29.8,20.3,68
2009,1,14,1.8,29.4,16,64
2009,1,15,0,29.8,15.6,63
2009,1,16,9,29.4,17.1,79
2009,1,17,29.6,29.2,16.4,74
2009,1,18,0,27.1,15.6,89
2009,1,19,13.2,28.6,15,82
2009,1,20,6.3,24.4,18.6,89
2009,1,21,19.4,24,18.1,94
2009,1,22,1.9,26,17.8,87
2009,1,23,2.6,26.7,17.6,87
2009,1,24,12.6,25.5,17.2,83
2009,1,25,7.5,27.6,17.4,83
2009,1,26,3.4,26,16.2,85
2009,1,27,0.2,24.2,18.4,85
2009,1,28,6.8,26,16.4,81
2009,1,29,0,29.5,16.4,76
2009,1,30,0,30.4,15.2,66
2009,1,31,1,30,14.6,74
2009,2,1,25,28.7,16.2,83
2009,2,2,1.4,28.3,15.8,80
2009,2,3,2.2,29.2,15.6,77
2009,2,4,0,28.8,14.4,78
2009,2,5,7.4,28,16.1,83
2009,2,6,7.8,29.2,16.4,80
2009,2,7,0,29.4,17.6,77
2009,2,8,3.8,26.1,17,87
2009,2,9,0.8,27.3,18,83
2009,2,10,0.4,28.1,18.1,81
2009,2,11,0.6,29.2,15.4,79
2009,2,12,16.3,28.7,18.3,86
2009,2,13,3.8,28.4,17.4,77
2009,2,14,8.4,26.3,17.6,86
2009,2,15,10.8,25.7,17.2,84
2009,2,16,43.6,27.2,17.8,80
2009,2,17,0,27.8,15,71
2009,2,18,0,28.9,15.1,71
2009,2,19,0,27,15.2,74
2009,2,20,0,28.1,16,70
2009,2,21,0,29.4,18.1,71
2009,2,22,0,29.4,13.2,64
2009,2,23,0,27,15.2,84
2009,2,24,2,27,17.7,85
2009,2,25,16.6,26.7,15.8,86
2009,2,26,1.2,28.7,17,76
2009,2,27,1.2,28.4,14.7,78
2009,2,28,0,29.2,13.9,68
2009,3,1,0,29.8,14,67
2009,3,2,0,29.4,15.2,62
2009,3,3,0,30.5,13,56
2009,3,4,0,31.1,12.1,58
2009,3,5,0,31.2,14,62
2009,3,6,0,32,15.6,69
2009,3,7,1.8,29.7,16.8,76
2009,3,8,0.8,28.9,16.2,74
2009,3,9,20.3,27.2,16.8,78
2009,3,10,0,28.7,15.2,83
2009,3,11,0.4,28.9,15.4,72
2009,3,12,28.4,29.4,15.4,73
2009,3,13,0,28.4,15,86
2009,3,14,0.4,27.4,16.1,85
2009,3,15,1.6,29.4,16.6,76
2009,3,16,2.6,27.4,18.4,82
2009,3,17,1.6,26.5,15.8,87
2009,3,18,2.6,28.2,16.4,77
2009,3,19,1,29.2,16.3,70
2009,3,20,0.6,27.8,16.3,69
2009,3,21,0.1,29,15,72
2009,3,22,0,29,18.5,85
2009,3,23,33,26.2,16.5,83
2009,3,24,3.2,27.6,16,92
2009,3,25,7,26.4,18.1,86
2009,3,26,2.4,26.4,17,88
2009,3,27,44.3,26,16,90
2009,3,28,8.2,27.7,15.6,83
2009,3,29,9.6,28.4,17,78
2009,3,30,1.8,28.2,17.2,77
2009,3,31,0,28,16.3,87
2009,4,1,3.2,26.7,17.7,87
2009,4,2,5.2,28.6,17.7,78
2009,4,3,0.8,26.6,17.8,85
2009,4,4,23.4,25.4,17.8,92
2009,4,5,42.8,26.7,15.6,91
2009,4,6,10,25.1,17.8,89
2009,4,7,0,23.6,17.3,93
2009,4,8,38.6,24,17.2,94
2009,4,9,6.4,26.6,17.3,91
2009,4,10,8.6,27.6,15.2,76
2009,4,11,0,28,16,85
2009,4,12,7.6,26.4,17.2,86
2009,4,13,45.8,26.6,18.6,83
2009,4,14,2.9,27.7,15.6,78
2009,4,15,0,27.8,14.7,80
2009,4,16,10,27.4,15.8,80
2009,4,17,0,26.8,18.3,76
2009,4,18,0,26.7,12.8,73
2009,4,19,0,26.6,14.2,63
2009,4,20,0,27.4,11,59
2009,4,21,0,27.1,11.9,70
2009,4,22,0,25.5,12.6,76
2009,4,23,0,25.8,15,80
2009,4,24,0,27.4,16.3,81
2009,4,25,0.2,25.7,16.2,82
2009,4,26,5.5,23.6,16,93
2009,4,27,14.2,26.8,15.5,73
2009,4,28,0,28,12.7,66
2009,4,29,0,25.9,16.5,83
2009,4,30,0,26.2,17.6,92
2009,5,1,36.8,25,17,91
2009,5,2,2.8,25,14.2,83
2009,5,3,0,24.5,11.8,83
2009,5,4,0,25.9,12.2,74
2009,5,5,0,25.4,12.8,83
2009,5,6,1.2,26,12.1,84
2009,5,7,0,27,14.3,72
2009,5,8,0,27.4,12.6,70
2009,5,9,0.6,27,12.6,73
2009,5,10,0.4,27.4,12.5,69
2009,5,11,0,27.1,13.5,68
2009,5,12,0,27.2,12.3,65
2009,5,13,0,26.9,11.8,61
2009,5,14,0,27.7,11.8,68
2009,5,15,0,26.3,15.3,79
2009,5,16,1.5,24.4,15.3,83
2009,5,17,0,23.2,15.2,89
2009,5,18,0,24,18.3,84
2009,5,19,0,23.5,15.7,81
2009,5,20,0,23.4,12.2,73
2009,5,21,0,22.8,9.8,71
2009,5,22,0,23.9,10.1,70
2009,5,23,0,25.4,12.2,74
2009,5,24,0,26.2,12.4,74
2009,5,25,0,26.6,12.4,74
2009,5,26,0,27.3,11.4,62
2009,5,27,0,27.2,8.7,57
2009,5,28,0,26,10.8,64
2009,5,29,0,26.6,10.9,69
2009,5,30,0,26.8,12.6,72
2009,5,31,0,26,11.8,92
2009,6,1,21.6,26.4,15.3,83
2009,6,2,2.5,25.2,14.9,83
2009,6,3,0.2,21.6,7.6,67
2009,6,4,0,26,6.3,68
2009,6,5,0,26,7.3,80
2009,6,6,0,25.8,13.3,69
2009,6,7,0,25.3,9.8,59
2009,6,8,0,22.1,11.7,81
2009,6,9,0,23.9,10.9,73
2009,6,10,0,26.2,11.3,69
2009,6,11,0,26,11,75
2009,6,12,0,25.2,10.8,75
2009,6,13,1.9,23.1,11.1,76
2009,6,14,0,24.8,10.2,73
2009,6,15,0,26.1,10.7,71
2009,6,16,0,26.5,11.6,69
2009,6,17,0,26.8,11.3,72
2009,6,18,0,25.3,11.5,73
2009,6,19,0,25.9,11.8,67
2009,6,20,0,25.8,11.4,68
2009,6,21,0,24,11.3,58
2009,6,22,0,24,10.1,58
2009,6,23,0,25.6,9.8,67
2009,6,24,0,24.9,9.6,75
2009,6,25,0,26.2,9.8,70
2009,6,26,0,26.6,11.8,67
2009,6,27,0,26,11.3,66
2009,6,28,0,23,13.7,75
2009,6,29,0,26.1,8.8,64
2009,6,30,0,26.2,9.7,62
2009,7,1,0,26.9,8.6,54
2009,7,2,0,26.1,7.4,53
2009,7,3,0,26.5,7.1,53
2009,7,4,0,26.1,6.2,42
2009,7,5,0,26.2,11.2,54
2009,7,6,0,24.4,13.6,60
2009,7,7,0,23.9,10.7,67
2009,7,8,0,24.2,11,67
2009,7,9,0,26.2,11.6,66
2009,7,10,0,27,12.9,65
2009,7,11,0,26.4,11.6,68
2009,7,12,0,27,13.1,71
2009,7,13,0,27.6,12.1,69
2009,7,14,0,27.3,14.3,62
2009,7,15,0,,,52
2009,7,16,0,25.4,14.2,65
2009,7,17,0,25.2,9.9,66
2009,7,18,0,26,11.2,59
2009,7,19,0,,,
2009,7,20,0,28.1,8,55
2009,7,21,0,28.6,9.4,55
2009,7,22,0,29.4,10.2,59
2009,7,23,0,,,57
2009,7,24,0,30.3,11.5,58
2009,7,25,0,28.6,15,60
2009,7,26,0,28.2,13.2,56
2009,7,27,0,,,43
2009,7,28,0,29.7,7.8,45
2009,7,29,0,30,9.6,49
2009,7,30,0,29.4,9.5,43
2009,7,31,0,29,9.8,41
2009,8,1,0,27.5,10.4,47
2009,8,2,0,27.7,12.4,54
2009,8,4,0,29.3,10.6,47
2009,8,5,0,28.2,11.5,41
2009,8,6,0,,9.5,51
2009,8,7,0,,9.2,30
2009,8,8,0,28.1,13.2,44
2009,8,9,0,28.1,7.1,45
2009,8,10,0,,9.3,43
2009,8,11,0,28.6,10.9,52
2009,8,12,0,27.8,13.8,51
2009,8,13,0,26.1,12.5,62
2009,8,14,0,26,12.2,53
2009,8,15,0,26.7,12.2,52
2009,8,16,0,27.6,12.1,50
2009,8,17,0,27.7,11.2,53
2009,8,18,0,28.6,10.6,49
2009,8,19,0,30.7,10.9,50
2009,8,20,0,21.7,12.1,45
2009,8,21,0,28.2,14.5,66
2009,8,22,0,30.4,15.4,63
2009,8,23,2.6,29.2,15.4,66
2009,8,24,24.6,24.9,15.7,81
2009,8,25,1.9,23.4,13.6,88
2009,8,26,2.8,22.2,15.8,88
2009,8,27,0,23,14.3,78
2009,8,28,0,26.7,,57
2009,8,29,0,27.3,14,62
2009,8,30,0,26.9,12.4,62
2009,8,31,0,26,14.3,66
2009,9,1,0,28.3,13.3,63
2009,9,2,0,30.2,14.7,50
2009,9,3,0,30.8,16.8,53
2009,9,4,0,28.2,16.4,77
2009,9,5,0,27.6,17,71
2009,9,6,3.6,28.1,17.8,87
2009,9,7,10,27.1,17.1,82
2009,9,8,0,27.6,15.1,75
2009,9,9,0,29.1,18.3,69
2009,9,10,0,27.9,17,61
2009,9,11,0,27.8,15.8,51
2009,9,12,0,28.6,13.6,53
2009,9,13,0,30.1,16,46
2009,9,14,0,31,14.7,50
2009,9,15,0,31.5,15.9,43
2009,9,16,0,31.6,18.1,42
2009,9,17,0,31.7,16.3,48
2009,9,18,0,31.1,17.1,59
2009,9,19,7.6,29,17.8,80
2009,9,20,0,29.6,16.2,68
2009,9,21,9,27.3,16.7,84
2009,9,22,2,22.9,15.7,85
2009,9,23,1.2,23.8,17.4,78
2009,9,24,2.8,28.2,16.4,71
2009,9,25,0,30,16.1,61
2009,9,26,0,29.5,17.6,67
2009,9,27,0,30,15.3,62
2009,9,28,0,31.6,15.5,61
2009,9,29,0,32,15.9,65
2009,9,30,0,30.9,18.6,72
2009,10,1,0,31.8,16.3,58
2009,10,2,0,30.3,16.3,67
2009,10,3,0,27.6,16.3,77
2009,10,4,0,30.5,17.6,73
2009,10,5,4.4,28.1,17.2,70
2009,10,6,2.4,28.5,16.7,74
2009,10,7,0,29.9,17.5,69
2009,10,8,0.8,27.6,17.5,87
2009,10,9,19.5,27.4,17,79
2009,10,10,14.9,28.3,16.4,66
2009,10,11,0.3,29.2,16,81
2009,10,12,14,26.7,15.5,84
2009,10,13,0,30.8,15.4,78
2009,10,14,3.6,26.4,16.4,86
2009,10,15,0.4,30.2,15,71
2009,10,16,29.5,27.6,17,77
2009,10,17,0,30.1,15.6,67
2009,10,18,4.5,28.5,17.1,83
2009,10,19,22.8,30.3,15.3,80
2009,10,20,3.9,28,17.2,85
2009,10,21,1,29.1,16.9,79
2009,10,22,0,28.2,16.9,82
2009,10,23,2.2,28.7,16.7,75
2009,10,24,0,28.9,17.4,80
2009,10,25,17.5,29.3,17.7,80
2009,10,26,26.4,28.7,17.4,80
2009,10,27,1,27.3,18,80
2009,10,28,3.3,26,18.5,92
2009,10,29,12.3,25.4,18,86
2009,10,30,5.4,28.6,15.5,79
2009,10,31,10.8,25.5,16,75
2009,11,1,11.2,27.8,15,71
2009,11,2,0,27.4,15.8,79
2009,11,3,0.6,29.2,16,79
2009,11,4,0.5,27.8,17.5,71
2009,11,5,21.7,24.9,18,88
2009,11,6,7.5,25.9,16.7,85
2009,11,7,4.5,26.6,16,72
2009,11,8,0,27.3,16,77
2009,11,9,3,27.7,17.2,87
2009,11,10,1.6,29.6,17.6,77
2009,11,11,21.6,21.8,16.6,89
2009,11,12,0.9,27.9,15.1,75
2009,11,13,22,29.8,16.2,79
2009,11,14,0,30.5,17.7,86
2009,11,15,0,31.2,16.2,59
2009,11,16,0,31.3,16.4,63
2009,11,17,0,31.2,17.1,67
2009,11,18,0,,18.5,83
2009,11,19,4.1,28.9,18.7,74
2009,11,20,9.8,28.3,17.3,74
2009,11,21,0,29,16.8,70
2009,11,22,0,30.1,17,63
2009,11,23,0,29.3,18.9,73
2009,11,24,0,29,16.4,66
2009,11,25,0,28.8,15.3,73
2009,11,26,7.6,27.4,17.7,79
2009,11,27,0,28.2,17.6,79
2009,11,28,1.4,29.7,17.5,69
2009,11,29,0,29.1,17.6,75
2009,11,30,2.4,28.3,17.8,80
2009,12,1,4.3,27.2,17.5,89
2009,12,2,44.1,24.7,17,84
2009,12,3,8.6,27,17.1,82
2009,12,4,1.8,25.5,18.5,85
2009,12,5,12,24.8,13.3,87
2009,12,6,11.2,22.2,17.3,95
2009,12,7,18,25.6,17.5,78
2009,12,8,0,27.2,18,81
2009,12,9,0.2,26.4,17.8,87
2009,12,10,10.2,26.1,17.5,89
2009,12,11,0,29.6,17.5,65
2009,12,12,0,30.7,14.4,64
2009,12,13,0,29.5,16.6,70
2009,12,14,0,26.4,17.8,86
2009,12,15,10.3,26.8,16.4,83
2009,12,16,8.4,29,18.7,66
2009,12,17,0,29.6,16.8,67
2009,12,18,0,28.8,17.1,83
2009,12,19,12.9,25.1,15.9,83
2009,12,20,0,27.6,17.4,73
2009,12,21,8.6,27.1,15.5,82
2009,12,22,2.6,26.4,15,86
2009,12,23,12.1,28.8,11.9,69
2009,12,24,2.2,27.8,16.3,76
2009,12,25,0,25.1,17,89
2009,12,26,27.8,28.1,17.3,86
2009,12,27,2.5,27.1,17.4,82
2009,12,28,24.1,26.3,18.3,82
2009,12,29,0,23.5,18.3,87
2009,12,30,2.4,26.4,18.5,82
2009,12,31,5.8,26.1,18.4,90