Month,Day,Year,Bee,Plant
6,13,1995,203,146
6,13,1995,354,87
6,27,1995,209,146
6,27,1995,210,127
6,27,1995,210,146
6,27,1995,232,146
7,3,1995,191,56
7,3,1995,362,56
7,4,1995,350,42
7,4,1995,350,60
7,26,1995,232,66
7,26,1995,232,84
7,26,1995,378,55
8,2,1995,216,66
8,2,1995,216,67
8,2,1995,217,66
8,2,1995,255,67
8,2,1995,324,67
8,2,1995,378,67
8,8,1995,199,95
8,8,1995,216,84
8,8,1995,216,173
8,8,1995,217,173
8,8,1995,232,84
8,8,1995,288,95
8,8,1995,350,173
8,8,1995,351,173
8,8,1995,378,56
8,8,1995,378,137
8,10,1995,216,149
8,10,1995,364,12
8,15,1995,189,96
8,15,1995,214,156
8,15,1995,216,154
8,15,1995,217,42
8,15,1995,242,96
8,15,1995,289,157
8,15,1995,303,96
8,15,1995,303,157
8,15,1995,340,157
8,15,1995,341,96
8,15,1995,350,96
8,15,1995,354,96
8,15,1995,364,42
8,15,1995,379,96
8,15,1995,380,157
8,17,1995,378,12
8,18,1995,216,157
8,18,1995,217,149
8,18,1995,217,157
8,18,1995,288,157
8,18,1995,341,150
8,18,1995,362,149
8,18,1995,364,157
8,18,1995,368,42
8,18,1995,378,157
8,21,1995,341,157
8,21,1995,343,118
8,22,1995,242,97
8,22,1995,288,97
8,22,1995,387,97
8,29,1995,351,149
8,29,1995,364,89
8,29,1995,379,12
8,31,1995,209,149
8,31,1995,350,101
8,31,1995,362,101
9,5,1995,216,3
9,5,1995,216,120
9,5,1995,217,3
9,5,1995,217,84
9,5,1995,224,3
9,5,1995,353,3
9,5,1995,362,23
9,12,1995,216,89
9,12,1995,216,122
9,12,1995,216,149
9,12,1995,217,122
9,12,1995,281,3
9,12,1995,289,122
9,12,1995,341,150
9,12,1995,350,12
9,12,1995,378,39
9,12,1995,378,149
9,12,1995,379,12
9,12,1995,387,3
9,19,1995,196,46
9,19,1995,196,120
9,19,1995,214,120
9,19,1995,217,120
9,19,1995,236,122
9,19,1995,292,120
9,19,1995,293,122
9,19,1995,344,157
9,19,1995,350,74
9,19,1995,351,120
9,19,1995,385,1
9,29,1995,229,80
9,29,1995,231,150
9,29,1995,362,160
10,3,1995,203,1
10,3,1995,216,140
10,3,1995,217,140
10,3,1995,276,140
10,3,1995,296,140
10,3,1995,350,29
10,3,1995,350,140
10,10,1995,216,119
10,10,1995,216,153
10,10,1995,216,158
10,10,1995,217,150
10,10,1995,217,153
10,10,1995,217,158
10,10,1995,335,80
10,10,1995,341,97
10,10,1995,341,150
10,10,1995,378,39
10,10,1995,378,79
10,10,1995,380,97
10,17,1995,222,29
10,17,1995,284,97
10,17,1995,350,97
10,17,1995,378,97
10,17,1995,378,120
10,24,1995,216,108
10,24,1995,238,31
10,24,1995,273,31
10,24,1995,277,97
10,24,1995,324,153
10,24,1995,344,31
10,24,1995,344,158
10,24,1995,378,108
10,24,1995,378,121
10,31,1995,216,35
10,31,1995,216,73
10,31,1995,216,74
10,31,1995,216,121
10,31,1995,217,35
10,31,1995,290,121
10,31,1995,296,121
10,31,1995,350,74
10,31,1995,351,74
10,31,1995,378,152
11,7,1995,216,151
11,7,1995,217,151
11,7,1995,279,31
11,23,1995,278,31
11,23,1995,344,31
11,23,1995,355,150
12,5,1995,290,58
12,5,1995,294,181
12,5,1995,301,181
12,5,1995,348,98
12,5,1995,351,181
12,5,1995,362,181
12,5,1995,378,58
12,19,1995,355,150
1,9,1996,216,133
1,9,1996,296,150
1,9,1996,341,150
1,25,1996,190,150
1,25,1996,355,150
2,6,1996,183,61
2,6,1996,216,59
2,6,1996,258,113
2,6,1996,291,124
2,6,1996,378,59
2,6,1996,378,106
2,6,1996,380,49
2,13,1996,221,130
2,13,1996,288,130
2,28,1996,185,86
2,28,1996,203,59
2,28,1996,212,40
2,28,1996,214,43
2,28,1996,214,61
2,28,1996,214,62
2,28,1996,228,13
2,28,1996,262,86
2,28,1996,312,169
2,28,1996,313,59
2,28,1996,338,86
2,28,1996,339,106
2,28,1996,361,86
2,28,1996,371,86
2,28,1996,378,43
2,28,1996,386,106
3,6,1996,271,150
3,19,1996,187,85
3,19,1996,190,43
3,19,1996,203,43
3,19,1996,203,172
3,19,1996,214,43
3,19,1996,223,172
3,19,1996,245,172
3,19,1996,268,172
3,19,1996,289,172
3,19,1996,290,172
3,19,1996,291,59
3,19,1996,295,43
3,19,1996,295,172
3,19,1996,296,172
3,19,1996,308,172
3,19,1996,312,172
3,19,1996,317,43
3,19,1996,320,172
3,19,1996,322,59
3,19,1996,322,172
3,19,1996,333,172
3,19,1996,341,2
3,19,1996,350,43
3,19,1996,378,43
3,26,1996,221,162
3,26,1996,225,150
3,26,1996,279,150
3,26,1996,283,148
3,26,1996,287,162
3,26,1996,348,21
3,26,1996,364,81
4,3,1996,203,172
4,3,1996,211,59
4,3,1996,216,16
4,3,1996,225,16
4,3,1996,231,16
4,3,1996,233,16
4,3,1996,247,148
4,3,1996,247,172
4,3,1996,248,172
4,3,1996,291,172
4,3,1996,322,172
4,3,1996,333,172
4,3,1996,350,43
4,3,1996,350,172
4,3,1996,378,43
4,9,1996,194,162
4,9,1996,222,18
4,9,1996,244,18
4,9,1996,272,150
4,9,1996,273,150
4,9,1996,279,150
4,9,1996,312,175
4,9,1996,317,175
4,9,1996,327,83
4,9,1996,333,16
4,9,1996,341,150
4,9,1996,341,162
4,9,1996,350,175
4,9,1996,355,162
4,9,1996,382,162
4,9,1996,387,162
4,16,1996,214,87
4,16,1996,214,172
4,16,1996,284,59
4,16,1996,290,168
4,16,1996,291,167
4,16,1996,319,87
4,16,1996,321,87
4,16,1996,350,24
4,16,1996,367,128
4,16,1996,378,167
4,16,1996,378,172
4,23,1996,184,168
4,23,1996,184,175
4,23,1996,216,168
4,23,1996,217,168
4,23,1996,225,18
4,23,1996,231,162
4,23,1996,248,168
4,23,1996,289,168
4,23,1996,289,175
4,23,1996,298,168
4,23,1996,298,175
4,23,1996,300,168
4,23,1996,312,168
4,23,1996,325,168
4,23,1996,325,175
4,23,1996,341,168
4,23,1996,351,175
4,23,1996,378,152
4,24,1996,225,150
4,24,1996,225,175
4,24,1996,226,175
4,24,1996,229,162
4,24,1996,364,175
4,24,1996,378,162
5,7,1996,184,168
5,7,1996,203,87
5,7,1996,250,168
5,7,1996,254,172
5,7,1996,279,87
5,7,1996,279,172
5,7,1996,289,172
5,7,1996,298,168
5,7,1996,298,172
5,7,1996,314,175
5,7,1996,317,168
5,7,1996,320,168
5,7,1996,350,172
5,7,1996,350,175
5,7,1996,351,172
5,7,1996,364,127
5,7,1996,378,82
5,7,1996,385,6
5,8,1996,225,82
5,8,1996,249,168
5,8,1996,333,168
5,14,1996,221,168
5,14,1996,233,42
5,14,1996,252,168
5,14,1996,305,168
5,14,1996,350,168
5,14,1996,364,168
5,14,1996,364,177
5,14,1996,374,168
5,14,1996,378,154
5,16,1996,199,42
5,16,1996,216,87
5,16,1996,225,150
5,16,1996,290,168
5,16,1996,326,168
5,21,1996,194,25
5,21,1996,195,168
5,21,1996,216,25
5,21,1996,216,154
5,21,1996,221,16
5,21,1996,221,127
5,21,1996,225,17
5,21,1996,226,87
5,21,1996,250,55
5,21,1996,279,150
5,21,1996,289,87
5,21,1996,305,92
5,21,1996,312,175
5,21,1996,317,154
5,21,1996,320,175
5,21,1996,333,16
5,21,1996,333,87
5,21,1996,333,127
5,21,1996,341,154
5,21,1996,348,25
5,21,1996,348,87
5,21,1996,350,6
5,21,1996,356,150
5,21,1996,362,175
5,21,1996,364,16
5,21,1996,371,43
5,21,1996,378,36
5,21,1996,378,130
5,21,1996,382,154
5,21,1996,386,25
5,21,1996,386,43
5,21,1996,386,87
5,28,1996,185,168
5,28,1996,215,106
5,28,1996,216,42
5,28,1996,217,150
5,28,1996,233,87
5,28,1996,239,168
5,28,1996,281,168
5,28,1996,289,56
5,28,1996,293,168
5,28,1996,304,168
5,28,1996,322,168
5,28,1996,325,175
5,28,1996,341,150
5,28,1996,344,168
5,28,1996,350,56
5,28,1996,359,83
5,28,1996,362,56
5,28,1996,364,83
5,28,1996,364,87
5,28,1996,364,176
5,28,1996,378,35
5,28,1996,378,56
5,28,1996,378,150
6,4,1996,203,87
6,4,1996,216,25
6,4,1996,226,87
6,4,1996,228,87
6,4,1996,228,130
6,4,1996,248,55
6,4,1996,263,24
6,4,1996,268,87
6,4,1996,289,52
6,4,1996,291,52
6,4,1996,291,59
6,4,1996,291,87
6,4,1996,293,52
6,4,1996,328,55
6,4,1996,333,87
6,4,1996,333,127
6,4,1996,341,136
6,4,1996,341,154
6,4,1996,350,16
6,4,1996,350,63
6,4,1996,350,65
6,4,1996,350,102
6,4,1996,351,152
6,4,1996,362,11
6,4,1996,364,55
6,4,1996,364,63
6,4,1996,376,72
6,4,1996,378,11
6,4,1996,378,36
6,4,1996,378,72
6,4,1996,378,154
6,4,1996,386,25
6,11,1996,216,154
6,11,1996,289,168
6,11,1996,298,168
6,11,1996,305,83
6,11,1996,325,136
6,11,1996,350,127
6,11,1996,364,127
6,11,1996,378,168
6,14,1996,281,168
6,14,1996,298,148
6,14,1996,321,168
6,14,1996,326,168
6,14,1996,364,83
6,14,1996,364,148
6,18,1996,216,66
6,18,1996,217,66
6,18,1996,217,154
6,18,1996,248,66
6,18,1996,263,66
6,18,1996,291,168
6,18,1996,298,66
6,18,1996,325,10
6,18,1996,325,65
6,18,1996,350,10
6,18,1996,350,56
6,18,1996,350,66
6,18,1996,351,168
6,18,1996,357,168
6,18,1996,361,25
6,18,1996,362,10
6,18,1996,362,56
6,18,1996,364,56
6,18,1996,378,10
6,18,1996,378,56
6,18,1996,378,137
6,18,1996,380,154
6,25,1996,217,36
6,25,1996,217,150
6,25,1996,248,87
6,25,1996,250,55
6,25,1996,250,171
6,25,1996,298,137
6,25,1996,298,171
6,25,1996,317,168
6,25,1996,329,83
6,25,1996,350,100
6,25,1996,351,10
6,25,1996,351,56
6,25,1996,364,87
6,25,1996,364,137
6,25,1996,386,87
6,27,1996,184,137
6,27,1996,194,102
6,27,1996,194,168
6,27,1996,216,87
6,27,1996,216,102
6,27,1996,217,102
6,27,1996,219,72
6,27,1996,223,102
6,27,1996,229,102
6,27,1996,237,102
6,27,1996,239,102
6,27,1996,248,171
6,27,1996,254,168
6,27,1996,257,149
6,27,1996,260,102
6,27,1996,264,171
6,27,1996,269,168
6,27,1996,296,72
6,27,1996,322,168
6,27,1996,330,168
6,27,1996,332,102
6,27,1996,358,148
6,27,1996,364,65
6,27,1996,375,36
6,27,1996,378,100
7,2,1996,184,65
7,2,1996,185,102
7,2,1996,185,168
7,2,1996,216,102
7,2,1996,216,168
7,2,1996,216,175
7,2,1996,217,102
7,2,1996,223,102
7,2,1996,229,102
7,2,1996,239,102
7,2,1996,248,102
7,2,1996,249,102
7,2,1996,250,102
7,2,1996,289,175
7,2,1996,295,102
7,2,1996,298,102
7,2,1996,298,168
7,2,1996,326,168
7,2,1996,350,102
7,2,1996,362,56
7,2,1996,364,127
7,2,1996,364,175
7,2,1996,376,127
7,9,1996,185,87
7,9,1996,199,154
7,9,1996,214,65
7,9,1996,216,65
7,9,1996,216,66
7,9,1996,217,66
7,9,1996,217,87
7,9,1996,224,102
7,9,1996,223,66
7,9,1996,237,102
7,9,1996,238,102
7,9,1996,248,146
7,9,1996,250,146
7,9,1996,291,65
7,9,1996,296,102
7,9,1996,296,154
7,9,1996,350,66
7,9,1996,350,127
7,9,1996,351,65
7,9,1996,351,66
7,9,1996,378,36
7,9,1996,378,47
7,9,1996,378,100
7,9,1996,378,154
7,9,1996,381,65
7,9,1996,385,102
7,9,1996,386,65
7,9,1996,386,66
7,16,1996,216,5
7,16,1996,240,102
7,16,1996,252,102
7,16,1996,266,102
7,16,1996,282,102
7,16,1996,317,110
7,23,1996,194,66
7,23,1996,252,66
7,23,1996,287,122
7,23,1996,316,102
7,23,1996,325,169
7,23,1996,364,42
7,23,1996,364,59
7,23,1996,375,122
7,23,1996,378,137
7,23,1996,386,122
7,30,1996,195,102
7,30,1996,195,149
7,30,1996,198,102
7,30,1996,209,85
7,30,1996,216,149
7,30,1996,289,149
7,30,1996,364,65
7,30,1996,378,149
8,1,1996,217,42
8,1,1996,217,102
8,1,1996,217,157
8,1,1996,229,102
8,1,1996,242,157
8,1,1996,284,157
8,1,1996,303,157
8,1,1996,341,97
8,1,1996,364,42
8,6,1996,194,111
8,6,1996,195,111
8,6,1996,216,66
8,6,1996,216,111
8,6,1996,217,66
8,6,1996,217,111
8,6,1996,229,111
8,6,1996,233,96
8,6,1996,242,96
8,6,1996,242,102
8,6,1996,248,102
8,6,1996,249,102
8,6,1996,309,111
8,6,1996,341,96
8,6,1996,362,149
8,6,1996,377,102
8,6,1996,378,66
8,6,1996,378,157
8,6,1996,380,68
8,6,1996,385,102
8,7,1996,219,157
8,7,1996,233,157
8,7,1996,248,66
8,7,1996,249,66
8,7,1996,250,66
8,13,1996,183,157
8,13,1996,191,42
8,13,1996,196,102
8,13,1996,199,149
8,13,1996,209,111
8,13,1996,217,122
8,13,1996,233,102
8,13,1996,239,157
8,13,1996,242,12
8,13,1996,248,111
8,13,1996,317,175
8,13,1996,325,149
8,13,1996,332,149
8,13,1996,364,149
8,13,1996,364,175
8,20,1996,199,75
8,20,1996,203,75
8,20,1996,216,102
8,20,1996,216,149
8,20,1996,216,157
8,20,1996,217,84
8,20,1996,217,149
8,20,1996,223,75
8,20,1996,223,84
8,20,1996,252,66
8,20,1996,288,157
8,20,1996,290,75
8,20,1996,306,168
8,20,1996,308,75
8,20,1996,378,36
8,20,1996,385,66
8,20,1996,385,75
8,20,1996,386,66
8,20,1996,386,84
8,22,1996,216,53
8,22,1996,242,161
8,22,1996,341,12
8,22,1996,378,144
8,27,1996,203,122
8,27,1996,224,47
8,27,1996,263,66
8,27,1996,341,157
8,27,1996,356,150
8,27,1996,386,73
8,29,1996,343,122
8,29,1996,364,108
8,29,1996,385,122
9,3,1996,216,149
9,3,1996,217,4
9,3,1996,223,4
9,3,1996,289,109
9,3,1996,325,109
9,3,1996,350,109
9,3,1996,351,109
9,3,1996,362,109
9,3,1996,364,73
9,3,1996,378,4
9,3,1996,378,73
9,3,1996,378,76
9,3,1996,378,89
9,3,1996,379,109
9,3,1996,387,4
9,9,1996,378,37
9,11,1996,186,4
9,11,1996,230,4
9,11,1996,233,4
9,11,1996,239,122
9,11,1996,336,4
9,11,1996,337,4
9,11,1996,350,4
9,11,1996,377,122
9,11,1996,382,4
9,17,1996,185,140
9,17,1996,216,122
9,17,1996,217,27
9,17,1996,217,122
9,17,1996,289,122
9,17,1996,325,122
9,17,1996,362,64
9,17,1996,364,14
9,17,1996,364,27
9,24,1996,209,27
9,24,1996,219,4
9,24,1996,224,4
9,24,1996,225,4
9,24,1996,225,27
9,24,1996,238,4
9,24,1996,240,4
9,24,1996,243,4
9,24,1996,267,4
9,24,1996,276,27
9,24,1996,334,4
9,24,1996,335,4
9,24,1996,341,4
9,24,1996,344,27
9,24,1996,362,4
9,24,1996,364,4
9,24,1996,380,4
9,25,1996,192,123
9,25,1996,194,33
9,25,1996,196,153
9,25,1996,199,139
9,25,1996,203,139
9,25,1996,216,50
9,25,1996,216,153
9,25,1996,224,30
9,25,1996,252,123
9,25,1996,340,33
9,25,1996,349,33
9,25,1996,350,139
9,25,1996,350,153
9,25,1996,378,153
10,4,1996,216,151
10,4,1996,217,150
10,4,1996,225,150
10,4,1996,230,80
10,4,1996,234,80
10,4,1996,335,80
10,4,1996,336,80
10,4,1996,337,80
10,4,1996,344,33
10,4,1996,350,80
10,4,1996,367,80
10,4,1996,378,39
10,4,1996,379,80
10,8,1996,216,23
10,8,1996,292,97
10,8,1996,325,23
10,8,1996,341,97
10,8,1996,362,23
10,15,1996,194,27
10,15,1996,195,27
10,15,1996,199,33
10,15,1996,222,27
10,15,1996,224,32
10,15,1996,238,27
10,15,1996,238,33
10,15,1996,241,27
10,15,1996,278,27
10,15,1996,279,27
10,15,1996,284,2
10,15,1996,341,163
10,15,1996,344,27
10,15,1996,348,27
10,15,1996,348,33
10,15,1996,349,33
10,15,1996,366,27
10,22,1996,229,27
10,22,1996,270,32
10,22,1996,274,27
10,22,1996,275,27
10,22,1996,278,33
10,22,1996,349,27
10,29,1996,190,27
10,29,1996,216,27
10,29,1996,231,150
10,29,1996,273,27
10,29,1996,279,150
10,29,1996,280,27
10,29,1996,341,150
10,29,1996,364,99
11,5,1996,197,141
11,5,1996,200,7
11,5,1996,217,150
11,5,1996,222,27
11,5,1996,222,141
11,5,1996,236,27
11,5,1996,239,141
11,5,1996,275,141
11,5,1996,276,27
11,5,1996,278,27
11,5,1996,279,27
11,5,1996,289,7
11,5,1996,331,141
11,5,1996,341,141
11,5,1996,341,150
11,5,1996,342,27
11,5,1996,344,27
11,5,1996,347,27
11,5,1996,350,27
11,5,1996,365,27
11,5,1996,367,27
11,5,1996,375,2
11,5,1996,378,33
11,5,1996,378,152
11,12,1996,185,27
11,12,1996,191,27
11,12,1996,193,105
11,12,1996,194,143
11,12,1996,195,116
11,12,1996,196,105
11,12,1996,196,143
11,12,1996,204,105
11,12,1996,206,27
11,12,1996,216,105
11,12,1996,222,105
11,12,1996,222,152
11,12,1996,224,141
11,12,1996,229,141
11,12,1996,238,27
11,12,1996,238,141
11,12,1996,239,105
11,12,1996,241,141
11,12,1996,247,143
11,12,1996,248,143
11,12,1996,256,141
11,12,1996,258,105
11,12,1996,275,27
11,12,1996,276,143
11,12,1996,277,27
11,12,1996,277,141
11,12,1996,318,105
11,12,1996,348,27
11,12,1996,362,105
11,12,1996,362,116
11,12,1996,363,105
11,12,1996,364,27
11,12,1996,364,141
11,12,1996,369,27
11,12,1996,377,105
11,12,1996,377,143
11,12,1996,380,143
11,19,1996,191,105
11,19,1996,257,105
11,19,1996,265,105
11,19,1996,269,168
11,19,1996,293,105
11,19,1996,302,105
11,19,1996,376,58
11,20,1996,217,143
11,20,1996,343,143
11,20,1996,344,143
11,25,1996,184,133
11,25,1996,194,179
11,25,1996,195,143
11,25,1996,197,132
11,25,1996,216,168
11,25,1996,250,179
11,25,1996,276,125
11,25,1996,364,125
11,25,1996,366,179
11,26,1996,187,125
11,26,1996,195,125
11,26,1996,196,125
11,26,1996,202,125
11,26,1996,203,125
11,26,1996,204,125
11,26,1996,213,125
11,26,1996,216,125
11,26,1996,277,19
11,26,1996,279,125
11,26,1996,341,125
11,26,1996,350,125
11,28,1996,225,27
11,28,1996,277,125
12,2,1996,184,133
12,2,1996,196,125
12,2,1996,212,125
12,2,1996,216,125
12,2,1996,217,125
12,2,1996,217,143
12,2,1996,224,125
12,2,1996,250,107
12,2,1996,277,125
12,2,1996,296,125
12,2,1996,296,133
12,2,1996,341,125
12,2,1996,346,133
12,2,1996,350,133
12,2,1996,352,133
12,2,1996,378,107
12,2,1996,378,133
12,2,1996,378,143
12,10,1996,190,54
12,10,1996,194,54
12,10,1996,195,125
12,10,1996,197,125
12,10,1996,201,125
12,10,1996,202,125
12,10,1996,203,125
12,10,1996,205,125
12,10,1996,208,125
12,10,1996,213,125
12,10,1996,214,125
12,10,1996,224,104
12,10,1996,247,8
12,10,1996,248,125
12,10,1996,250,129
12,10,1996,252,125
12,10,1996,253,69
12,10,1996,254,91
12,10,1996,279,125
12,10,1996,284,125
12,10,1996,284,130
12,10,1996,289,22
12,10,1996,289,125
12,10,1996,290,8
12,10,1996,290,125
12,10,1996,290,168
12,10,1996,291,125
12,10,1996,311,69
12,10,1996,318,168
12,10,1996,327,91
12,10,1996,348,92
12,10,1996,348,125
12,10,1996,350,22
12,10,1996,350,125
12,10,1996,355,125
12,10,1996,356,125
12,10,1996,364,69
12,10,1996,364,142
12,10,1996,375,13
12,10,1996,378,91
12,10,1996,378,125
12,10,1996,380,125
12,10,1996,386,125
12,12,1996,230,178
12,12,1996,277,178
12,12,1996,287,143
12,12,1996,289,143
12,12,1996,315,133
12,12,1996,324,133
12,12,1996,378,178
12,17,1996,200,31
12,17,1996,205,105
12,17,1996,217,150
12,17,1996,217,105
12,17,1996,248,133
12,17,1996,249,107
12,17,1996,252,107
12,17,1996,275,31
12,17,1996,276,31
12,17,1996,278,31
12,17,1996,279,31
12,17,1996,290,150
12,17,1996,312,105
12,17,1996,325,125
12,17,1996,325,133
12,17,1996,325,143
12,17,1996,341,150
12,17,1996,344,31
12,17,1996,364,125
12,17,1996,385,150
1,7,1997,190,168
1,7,1997,194,180
1,7,1997,196,168
1,7,1997,216,151
1,7,1997,250,107
1,7,1997,289,138
1,7,1997,341,130
1,7,1997,341,151
1,10,1997,195,180
1,10,1997,196,180
1,10,1997,197,180
1,10,1997,202,180
1,10,1997,364,138
1,15,1997,247,26
1,15,1997,362,26
1,15,1997,367,13
1,15,1997,372,150
1,15,1997,375,130
1,15,1997,378,167
1,16,1997,190,180
1,16,1997,225,150
1,16,1997,278,150
1,16,1997,313,134
1,16,1997,358,130
1,16,1997,387,150
1,23,1997,194,131
1,23,1997,196,131
1,23,1997,217,151
1,23,1997,216,43
1,23,1997,216,45
1,23,1997,225,130
1,23,1997,244,15
1,23,1997,269,174
1,23,1997,281,43
1,23,1997,281,130
1,23,1997,283,135
1,23,1997,323,49
1,23,1997,323,174
1,23,1997,341,45
1,23,1997,364,59
1,23,1997,378,131
1,23,1997,378,155
1,23,1997,382,49
1,28,1997,188,164
1,28,1997,203,34
1,28,1997,209,88
1,28,1997,216,34
1,28,1997,216,70
1,28,1997,221,130
1,28,1997,250,78
1,28,1997,252,145
1,28,1997,252,164
1,28,1997,276,16
1,28,1997,279,48
1,28,1997,279,130
1,28,1997,281,147
1,28,1997,378,59
1,28,1997,378,145
1,28,1997,380,20
1,28,1997,381,34
1,28,1997,387,20
1,30,1997,357,54
2,4,1997,186,147
2,4,1997,195,43
2,4,1997,200,151
2,4,1997,216,16
2,4,1997,323,151
2,4,1997,350,43
2,4,1997,350,148
2,4,1997,355,151
2,4,1997,364,16
2,4,1997,364,164
2,4,1997,375,152
2,5,1997,361,9
2,5,1997,375,59
2,5,1997,375,117
2,5,1997,378,22
2,5,1997,378,59
2,5,1997,378,117
2,5,1997,378,130
2,6,1997,194,180
2,6,1997,195,180
2,6,1997,225,150
2,6,1997,250,90
2,6,1997,252,90
2,6,1997,277,150
2,6,1997,285,150
2,6,1997,327,90
2,6,1997,356,150
2,6,1997,373,90
2,6,1997,378,71
2,6,1997,378,167
2,13,1997,196,180
2,13,1997,235,16
2,13,1997,249,180
2,13,1997,252,180
2,13,1997,278,16
2,13,1997,339,180
2,13,1997,350,180
2,13,1997,378,62
2,13,1997,387,150
2,18,1997,196,28
2,18,1997,225,16
2,18,1997,249,90
2,18,1997,251,90
2,18,1997,254,28
2,18,1997,276,28
2,18,1997,277,28
2,18,1997,283,28
2,18,1997,286,90
2,18,1997,309,154
2,18,1997,350,28
2,19,1997,191,61
2,19,1997,199,167
2,19,1997,203,54
2,19,1997,214,150
2,19,1997,249,114
2,19,1997,277,13
2,19,1997,309,77
2,19,1997,345,13
2,19,1997,345,151
2,19,1997,348,57
2,19,1997,348,165
2,19,1997,350,57
2,19,1997,350,167
2,19,1997,367,61
2,19,1997,371,61
2,19,1997,378,41
2,19,1997,378,43
2,25,1997,194,16
2,25,1997,341,130
2,25,1997,350,103
2,25,1997,378,182
2,25,1997,380,43
3,6,1997,195,106
3,6,1997,209,8
3,6,1997,225,150
3,6,1997,279,13
3,6,1997,281,130
3,6,1997,281,138
3,6,1997,364,52
3,6,1997,364,62
3,6,1997,378,43
3,7,1997,185,51
3,7,1997,341,150
3,7,1997,350,51
3,12,1997,185,150
3,12,1997,195,130
3,12,1997,202,112
3,12,1997,225,130
3,12,1997,248,66
3,12,1997,248,112
3,12,1997,249,66
3,12,1997,252,172
3,12,1997,312,66
3,12,1997,348,170
3,12,1997,363,112
3,12,1997,364,130
3,12,1997,385,66
3,13,1997,194,117
3,13,1997,195,126
3,13,1997,196,117
3,13,1997,200,43
3,13,1997,205,52
3,13,1997,205,117
3,13,1997,205,126
3,13,1997,217,130
3,13,1997,216,130
3,13,1997,225,117
3,13,1997,236,130
3,13,1997,248,117
3,13,1997,277,130
3,13,1997,279,130
3,13,1997,279,150
3,13,1997,325,117
3,13,1997,334,13
3,13,1997,341,130
3,13,1997,350,43
3,13,1997,350,130
3,13,1997,359,126
3,13,1997,372,43
3,13,1997,375,136
3,13,1997,378,62
3,13,1997,378,117
3,13,1997,378,126
3,13,1997,378,130
3,13,1997,378,167
3,13,1997,385,117
3,13,1997,387,154
3,24,1997,190,148
3,24,1997,206,43
3,24,1997,222,162
3,24,1997,225,148
3,24,1997,225,162
3,24,1997,341,162
3,24,1997,360,172
3,24,1997,377,43
3,25,1997,184,172
3,25,1997,194,43
3,25,1997,194,168
3,25,1997,195,43
3,25,1997,195,168
3,25,1997,196,154
3,25,1997,216,154
3,25,1997,225,13
3,25,1997,228,13
3,25,1997,248,168
3,25,1997,249,172
3,25,1997,259,130
3,25,1997,277,13
3,25,1997,277,28
3,25,1997,277,162
3,25,1997,277,172
3,25,1997,279,172
3,25,1997,281,83
3,25,1997,296,172
3,25,1997,298,172
3,25,1997,312,172
3,25,1997,317,172
3,25,1997,324,180
3,25,1997,341,43
3,25,1997,348,13
3,25,1997,348,43
3,25,1997,348,127
3,25,1997,350,154
3,25,1997,378,13
3,25,1997,385,93
4,2,1997,217,130
4,2,1997,225,172
4,2,1997,225,18
4,2,1997,239,172
4,2,1997,240,172
4,2,1997,278,16
4,2,1997,279,172
4,2,1997,281,172
4,2,1997,281,130
4,2,1997,296,136
4,2,1997,312,172
4,2,1997,317,172
4,2,1997,326,172
4,2,1997,333,18
4,2,1997,333,172
4,2,1997,348,172
4,2,1997,378,93
4,2,1997,378,130
4,2,1997,386,172
4,3,1997,184,172
4,3,1997,194,172
4,3,1997,207,172
4,3,1997,224,172
4,3,1997,225,162
4,3,1997,252,172
4,3,1997,261,172
4,3,1997,307,172
4,3,1997,310,172
4,3,1997,314,136
4,3,1997,325,172
4,3,1997,326,83
4,3,1997,341,162
4,3,1997,350,162
4,3,1997,378,154
4,9,1997,194,1
4,9,1997,195,162
4,9,1997,209,43
4,9,1997,216,162
4,9,1997,217,162
4,9,1997,260,168
4,9,1997,279,162
4,9,1997,285,162
4,9,1997,298,172
4,9,1997,333,13
4,9,1997,364,83
4,9,1997,387,162
4,10,1997,184,168
4,10,1997,195,154
4,10,1997,196,62
4,10,1997,196,154
4,10,1997,196,168
4,10,1997,199,154
4,10,1997,203,154
4,10,1997,214,24
4,10,1997,214,172
4,10,1997,216,154
4,10,1997,216,168
4,10,1997,220,172
4,10,1997,225,43
4,10,1997,228,172
4,10,1997,248,61
4,10,1997,268,172
4,10,1997,277,13
4,10,1997,278,172
4,10,1997,281,83
4,10,1997,291,172
4,10,1997,299,168
4,10,1997,299,172
4,10,1997,300,168
4,10,1997,300,172
4,10,1997,319,59
4,10,1997,329,92
4,10,1997,334,172
4,10,1997,341,154
4,10,1997,348,43
4,10,1997,350,24
4,10,1997,350,175
4,10,1997,356,154
4,10,1997,375,182
4,10,1997,378,13
4,10,1997,378,22
4,10,1997,378,24
4,10,1997,378,43
4,10,1997,378,59
4,10,1997,380,98
4,10,1997,385,172
4,16,1997,216,3
4,16,1997,236,16
4,16,1997,279,16
4,16,1997,380,162
4,23,1997,217,172
4,23,1997,216,172
4,23,1997,217,38
4,23,1997,225,38
4,23,1997,223,172
4,23,1997,246,172
4,23,1997,279,168
4,23,1997,281,168
4,23,1997,317,175
4,23,1997,370,43
4,23,1997,381,43
4,23,1997,381,83
4,23,1997,384,172
4,25,1997,194,168
4,25,1997,203,32
4,25,1997,203,83
4,25,1997,203,172
4,25,1997,224,30
4,25,1997,229,172
4,25,1997,246,168
4,25,1997,247,59
4,25,1997,249,172
4,25,1997,277,125
4,25,1997,279,87
4,25,1997,281,176
4,25,1997,281,87
4,25,1997,284,172
4,25,1997,285,168
4,25,1997,298,168
4,25,1997,313,168
4,25,1997,323,172
4,25,1997,330,172
4,25,1997,350,32
4,25,1997,350,85
4,25,1997,350,172
4,25,1997,377,172
4,25,1997,378,26
4,25,1997,378,172
4,25,1997,378,175
4,29,1997,217,154
4,29,1997,236,162
4,29,1997,279,150
4,29,1997,312,30
4,29,1997,317,154
4,29,1997,325,30
4,29,1997,326,30
4,29,1997,326,150
4,29,1997,326,168
4,29,1997,330,43
4,29,1997,341,150
4,29,1997,355,162
4,29,1997,362,30
4,29,1997,364,150
4,29,1997,364,168
4,29,1997,378,30
4,29,1997,378,162
4,29,1997,385,83
5,6,1997,186,117
5,6,1997,236,154
5,6,1997,279,16
5,6,1997,279,150
5,6,1997,281,176
5,6,1997,281,148
5,6,1997,297,176
5,6,1997,326,176
5,6,1997,333,172
5,6,1997,341,154
5,6,1997,361,176
5,6,1997,375,146
5,6,1997,375,148
5,6,1997,376,176
5,9,1997,216,115
5,9,1997,290,46
5,9,1997,325,172
5,9,1997,350,180
5,9,1997,362,115
5,9,1997,365,127
5,13,1997,195,62
5,13,1997,217,63
5,13,1997,225,168
5,13,1997,281,172
5,13,1997,284,154
5,13,1997,298,172
5,13,1997,325,168
5,13,1997,326,172
5,13,1997,350,175
5,13,1997,362,175
5,13,1997,381,43
5,20,1997,225,38
5,20,1997,227,38
5,20,1997,249,166
5,20,1997,281,168
5,20,1997,326,168
5,20,1997,329,94
5,20,1997,350,159
5,20,1997,387,159
5,21,1997,252,168
5,21,1997,279,155
5,21,1997,281,83
5,21,1997,298,168
5,21,1997,317,168
5,21,1997,341,150
5,21,1997,378,172
5,30,1997,194,150
5,30,1997,217,127
5,30,1997,217,150
5,30,1997,366,150
5,30,1997,380,154
6,3,1997,217,150
6,3,1997,216,150
6,3,1997,216,154
6,3,1997,279,150
6,3,1997,281,44
6,3,1997,341,150
6,3,1997,381,44
